Agency,Display Name,Short Name,Year,Amount
Year,Amount
Administrative Conference of the United States,Administrative Conference of the United States,ACUS,2017,11994
Advisory Council on Historic Preservation,Advisory Council on Historic Preservation,ACHP,2017,30978
Special Inspector General for Afghanistan Reconstruction,Special Inspector General for Afghanistan Reconstruction,SIGAR,2017,10974
African Development Foundation,African Development Foundation,USADF,2017,26539
United States Agency for Global Media,United States Agency for Global Media,USAGM,2017,81143
Department of Agriculture,Department of Agriculture,USDA,2017,6133094
Air Transportation System Stabilization,Air Transportation System Stabilization,ATSB,2017,6310
American Battle Monuments Commission,American Battle Monuments Commission,ABMC,2017,8976
Appalachian Regional Commission,Appalachian Regional Commission,ARC,2017,89
Architectural and Transportation Barriers Compliance Board,Architectural and Transportation Barriers Compliance Board,ATBCB,2017,133398
Arctic Research Commission,Arctic Research Commission,ARCTIC,2017,3671
Armed Forces Retirement Home,Armed Forces Retirement Home,AFRH,2017,6888
Committee for Purchase From People Who Are Blind or Severely Disabled,Committee for Purchase From People Who Are Blind or Severely Disabled,CPPBSD,2017,26004
Central Intelligence Agency,Central Intelligence Agency,CIA,2017,13249
Chemical Safety and Hazard Investigation Board,Chemical Safety and Hazard Investigation Board,CSB,2017,25026
Commission on Civil Rights,Commission on Civil Rights,CRC,2017,25139
Department of Commerce,Department of Commerce,DOC,2017,1478272
Commodity Futures Trading Commission,Commodity Futures Trading Commission,CFTC,2017,624015
Construction Industry Collective Bargaining Commission,Construction Industry Collective Bargaining Commission,,2017,743
Consumer Financial Protection Bureau,Consumer Financial Protection Bureau,CFPB,2017,948886
Consumer Product Safety Commission,Consumer Product Safety Commission,CPSC,2017,459490
Council of the Inspectors General on Integrity and Efficiency,Council of the Inspectors General on Integrity and Efficiency,CIGIE,2017,8603
Court Services and Offender Supervision Agency for the District of Columbia,Court Services and Offender Supervision Agency for the District of Columbia,CSOSA,2017,22548
Defense Nuclear Facilities Safety Board,Defense Nuclear Facilities Safety Board,DNFSB,2017,20136
Department of Defense,Department of Defense,DOD,2017,3932027
Delaware River Basin Commission,Delaware River Basin Commission,DRBC,2017,21292
Denali Commission,Denali Commission,DC,2017,5582
Office of Director of National Intelligence,Office of Director of National Intelligence,ODNI,2017,23923
National Council on Disability,National Council on Disability,NCD,2017,13252
East-West Foreign Trade Board,East-West Foreign Trade Board,,2017,188
Department of Education,Department of Education,ED,2017,1138803
Election Assistance Commission,Election Assistance Commission,EAC,2017,21465
Emergency Oil and Gas Guaranteed Loan Board,Emergency Oil and Gas Guaranteed Loan Board,,2017,13753
Emergency Steel Guarantee Loan Board,Emergency Steel Guarantee Loan Board,,2017,13531
National Commission for Employment Policy,National Commission for Employment Policy,,2017,3621
Department of Energy,Department of Energy,DOE,2017,1378946
Joint Board for the Enrollment of Actuaries,Joint Board for the Enrollment of Actuaries,JBEA,2017,19553
Environmental Protection Agency,Environmental Protection Agency,EPA,2017,12345499
Equal Employment Opportunity Commission,Equal Employment Opportunity Commission,EEOC,2017,190941
Executive Office of the President,Executive Office of the President,EOP,2017,99663
Export-Import Bank of the United States,Export-Import Bank of the United States,EIB/USEIB,2017,31414
Farm Credit Administration,Farm Credit Administration,FCA,2017,224679
Farm Credit System Insurance Corporation,Farm Credit System Insurance Corporation,FCSIC,2017,23451
Federal Acquisition Regulatory Council,Federal Acquisition Regulatory Council,,2017,603177
Federal Acquisition Security Council,Federal Acquisition Security Council,FASC,2017,0
Federal Communications Commission,Federal Communications Commission,FCC,2017,1359401
Federal Deposit Insurance Corporation,Federal Deposit Insurance Corporation,FDIC,2017,653865
Federal Election Commission,Federal Election Commission,FEC,2017,214591
Federal Financial Institutions Examination Council,Federal Financial Institutions Examination Council,FFIEC,2017,22214
Federal Financing Bank,Federal Financing Bank,,2017,2667
Federal Housing Finance Agency,Federal Housing Finance Agency,FHFA,2017,247729
Federal Labor Relations Authority,Federal Labor Relations Authority,FLRA,2017,213434
Federal Maritime Commission,Federal Maritime Commission,FMC,2017,155658
Federal Mediation and Conciliation Service,Federal Mediation and Conciliation Service,FMCS,2017,66460
Federal Mine Safety and Health Review Commission,Federal Mine Safety and Health Review Commission,MSHFRC,2017,32228
Federal Permitting Improvement Steering Council,Federal Permitting Improvement Steering Council,FPISC,2017,139
Federal Procurement Regulations System,Federal Procurement Regulations System,,2017,0
Federal Property Management Regulations System,Federal Property Management Regulations System,,2017,325601
Administrative Committee of the Federal Register,Administrative Committee of the Federal Register,ACFR,2017,10388
Federal Reserve System,Federal Reserve System,FRS,2017,1265327
Federal Retirement Thrift Investment Board,Federal Retirement Thrift Investment Board,FRTIB,2017,77322
Federal Trade Commission,Federal Trade Commission,FTC,2017,281698
Federal Travel Regulation System,Federal Travel Regulation System,,2017,85464
Financial Stability Oversight Council,Financial Stability Oversight Council,FSOC,2017,25561
Commission of Fine Arts,Commission of Fine Arts,CFA,2017,11442
First Responder Network Authority,First Responder Network Authority,FirstNet,2017,0
Foreign Service Grievance Board,Foreign Service Grievance Board,FSGB,2017,7329
Foreign Service Impasse Disputes Panel,Foreign Service Impasse Disputes Panel,Disputes Panel,2017,57874
Foreign Service Labor Relations Board,Foreign Service Labor Relations Board,FSLRB,2017,57874
General Services Administration,General Services Administration,GSA,2017,178590
Government Accountability Office,Government Accountability Office,GAO,2017,47377
Office of Government Ethics,Office of Government Ethics,OGE,2017,114480
Gulf Coast Ecosystem Restoration Council,Gulf Coast Ecosystem Restoration Council,Gulf Restoration Council,2017,12090
Harry S. Truman Scholarship Foundation,Harry S. Truman Scholarship Foundation,HST,2017,9561
Department of Health and Human Services,Department of Health and Human Services,HHS,2017,5299092
Department of Homeland Security,Department of Homeland Security,DHS,2017,3930229
Department of Housing and Urban Development,Department of Housing and Urban Development,HUD,2017,1184011
Office of Independent Counsel,Office of Independent Counsel,,2017,13465
United States Institute of Peace,United States Institute of Peace,USIP,2017,3714
Inter-American Foundation,Inter-American Foundation,IAF,2017,27055
Department of Interior,Department of Interior,DOI,2017,3991719
United States Section United States and Mexico International Boundary and Water Commission,United States Section United States and Mexico International Boundary and Water Commission,IBWC,2017,22218
United States International Development Cooperation Agency,United States International Development Cooperation Agency,,2017,9781
United States International Development Finance Corporation,United States International Development Finance Corporation,DFC,2017,26854
Agency for International Development,Agency for International Development,USAID,2017,211026
United States and Canada International Joint Commission,United States and Canada International Joint Commission,IJC,2017,4523
International Organizations Employees Loyalty Board,International Organizations Employees Loyalty Board,,2017,2068
United States International Trade Commission,United States International Trade Commission,ITC,2017,114912
Interstate Commerce Commission,Interstate Commerce Commission,ICC,2017,977
James Madison Memorial Fellowship Foundation,James Madison Memorial Fellowship Foundation,,2017,9992
Japan-United States Friendship Commission,Japan-United States Friendship Commission,JUSFC,2017,3631
Department of Justice,Department of Justice,DOJ,2017,1534805
Department of Labor,Department of Labor,DOL,2017,3232051
Legal Services Corporation,Legal Services Corporation,LSC,2017,61191
National Commission on Libraries and Information Science,National Commission on Libraries and Information Science,NCLIS,2017,9767
Library of Congress,Library of Congress,LOC,2017,204614
Office of Management and Budget,Office of Management and Budget,OMB,2017,338049
Marine Mammal Commission,Marine Mammal Commission,MMC,2017,12333
Merit Systems Protection Board,Merit Systems Protection Board,MSPB,2017,43269
Office for Micronesian Status Negotiations,Office for Micronesian Status Negotiations,,2017,3648
Military Compensation and Retirement Modernization Commission,Military Compensation and Retirement Modernization Commission,Military Compensation and Retirement Modernization Commission,2017,72
National Commission on Military, National, and Public Service,National Commission on Military, National, and Public Service,NCMNPS,2017,0
Millennium Challenge Corporation,Millennium Challenge Corporation,MCC,2017,11937
Morris K. Udall and Stewart L. Udall Foundation,Morris K. Udall and Stewart L. Udall Foundation,Udall Foundation,2017,8433
National Aeronautics and Space Administration,National Aeronautics and Space Administration,NASA,2017,252615
Corporation for National and Community Service,Corporation for National and Community Service,CORP/CNCS,2017,160950
National Archives and Records Administration,National Archives and Records Administration,NARA,2017,171812
National Capital Planning Commission,National Capital Planning Commission,NCPC,2017,3621
National Counterintelligence Center,National Counterintelligence Center,NCTC,2017,20331
National Credit Union Administration,National Credit Union Administration,NCUA,2017,353073
National Crime Prevention and Privacy Compact Council,National Crime Prevention and Privacy Compact Council,NCPPCC,2017,5654
Office of National Drug Control Policy,Office of National Drug Control Policy,ONDCP,2017,2915
National Foundation on the Arts and the Humanities,National Foundation on the Arts and the Humanities,ARTS,2017,104403
National Labor Relations Board,National Labor Relations Board,NLRB,2017,79404
National Mediation Board,National Mediation Board,NMB,2017,11478
National Railroad Adjustment Board,National Railroad Adjustment Board,,2017,1151
National Railroad Passenger Corporation,National Railroad Passenger Corporation,AMTRAK,2017,8852
National Science Foundation,National Science Foundation,NSF,2017,108014
National Transportation Safety Board,National Transportation Safety Board,NTSB,2017,50764
Office of Navajo and Hopi Indian Relocation,Office of Navajo and Hopi Indian Relocation,ONHIR,2017,50393
Neighborhood Reinvestment Corporation,Neighborhood Reinvestment Corporation,NEIGHBOR,2017,4026
Northeast Interstate Low-Level Radioactive Waste Commission,Northeast Interstate Low-Level Radioactive Waste Commission,,2017,1782
Nuclear Regulatory Commission,Nuclear Regulatory Commission,NRC,2017,826282
Nuclear Waste Technical Review Board,Nuclear Waste Technical Review Board,NWTRB,2017,9211
Occupational Safety and Health Review Commission,Occupational Safety and Health Review Commission,OSHRC,2017,44884
Oklahoma City National Memorial Trust,Oklahoma City National Memorial Trust,,2017,105
Peace Corps,Peace Corps,PC,2017,31346
Pennsylvania Avenue Development Corporation,Pennsylvania Avenue Development Corporation,,2017,36623
Pension Benefit Guaranty Corporation,Pension Benefit Guaranty Corporation,PBGC,2017,165395
Office of Personnel Management,Office of Personnel Management,OPM,2017,748169
Postal Regulatory Commission,Postal Regulatory Commission,PRC,2017,74880
United States Postal Service,United States Postal Service,USPS,2017,200747
Presidio Trust,Presidio Trust,PT,2017,40885
Privacy and Civil Liberties Oversight Board,Privacy and Civil Liberties Oversight Board,PCLOB,2017,9406
Railroad Retirement Board,Railroad Retirement Board,RRB,2017,241139
Securities and Exchange Commission,Securities and Exchange Commission,SEC,2017,1017045
Selective Service System,Selective Service System,SSS,2017,38967
Small Business Administration,Small Business Administration,SBA,2017,409719
Smithsonian Institution,Smithsonian Institution,,2017,2451
Social Security Administration,Social Security Administration,SSA,2017,831953
Office of Special Counsel,Office of Special Counsel,OSC,2017,15086
Department of State,Department of State,DOS,2017,415137
Surface Transportation Board,Surface Transportation Board,STB,2017,183867
Susquehanna River Basin Commission,Susquehanna River Basin Commission,SRBC,2017,22649
Tennessee Valley Authority,Tennessee Valley Authority,TVA,2017,93167
Department of Transportation,Department of Transportation,DOT,2017,4514369
Department of Treasury,Department of Treasury,TREAS,2017,3445684
Office of United States Trade Representative,Office of United States Trade Representative,USTR,2017,33520
Utah Reclamation Mitigation and Conservation Commission,Utah Reclamation Mitigation and Conservation Commission,URMCC,2017,21841
Department of Veterans Affairs,Department of Veterans Affairs,VA,2017,865402
Office of Vice President of the United States,Office of Vice President of the United States,,2017,3059
Water Resources Council,Water Resources Council,,2017,29029
President's Commission on White House Fellowships,President's Commission on White House Fellowships,,2017,1459
Administrative Conference of the United States,Administrative Conference of the United States,ACUS,2018,12437
Advisory Council on Historic Preservation,Advisory Council on Historic Preservation,ACHP,2018,30978
Special Inspector General for Afghanistan Reconstruction,Special Inspector General for Afghanistan Reconstruction,SIGAR,2018,10989
African Development Foundation,African Development Foundation,USADF,2018,33066
United States Agency for Global Media,United States Agency for Global Media,USAGM,2018,81143
Department of Agriculture,Department of Agriculture,USDA,2018,6135494
Air Transportation System Stabilization,Air Transportation System Stabilization,ATSB,2018,6310
American Battle Monuments Commission,American Battle Monuments Commission,ABMC,2018,8976
Appalachian Regional Commission,Appalachian Regional Commission,ARC,2018,89
Architectural and Transportation Barriers Compliance Board,Architectural and Transportation Barriers Compliance Board,ATBCB,2018,135052
Arctic Research Commission,Arctic Research Commission,ARCTIC,2018,3671
Armed Forces Retirement Home,Armed Forces Retirement Home,AFRH,2018,6888
Committee for Purchase From People Who Are Blind or Severely Disabled,Committee for Purchase From People Who Are Blind or Severely Disabled,CPPBSD,2018,29571
Central Intelligence Agency,Central Intelligence Agency,CIA,2018,13249
Chemical Safety and Hazard Investigation Board,Chemical Safety and Hazard Investigation Board,CSB,2018,25026
Commission on Civil Rights,Commission on Civil Rights,CRC,2018,25139
Department of Commerce,Department of Commerce,DOC,2018,1493746
Commodity Futures Trading Commission,Commodity Futures Trading Commission,CFTC,2018,626764
Construction Industry Collective Bargaining Commission,Construction Industry Collective Bargaining Commission,,2018,743
Consumer Financial Protection Bureau,Consumer Financial Protection Bureau,CFPB,2018,1058968
Consumer Product Safety Commission,Consumer Product Safety Commission,CPSC,2018,457786
Council of the Inspectors General on Integrity and Efficiency,Council of the Inspectors General on Integrity and Efficiency,CIGIE,2018,9778
Court Services and Offender Supervision Agency for the District of Columbia,Court Services and Offender Supervision Agency for the District of Columbia,CSOSA,2018,24659
Defense Nuclear Facilities Safety Board,Defense Nuclear Facilities Safety Board,DNFSB,2018,19832
Department of Defense,Department of Defense,DOD,2018,3885423
Delaware River Basin Commission,Delaware River Basin Commission,DRBC,2018,21292
Denali Commission,Denali Commission,DC,2018,5580
Office of Director of National Intelligence,Office of Director of National Intelligence,ODNI,2018,23923
National Council on Disability,National Council on Disability,NCD,2018,13252
East-West Foreign Trade Board,East-West Foreign Trade Board,,2018,188
Department of Education,Department of Education,ED,2018,1121034
Election Assistance Commission,Election Assistance Commission,EAC,2018,21465
Emergency Oil and Gas Guaranteed Loan Board,Emergency Oil and Gas Guaranteed Loan Board,,2018,13753
Emergency Steel Guarantee Loan Board,Emergency Steel Guarantee Loan Board,,2018,13531
National Commission for Employment Policy,National Commission for Employment Policy,,2018,3621
Department of Energy,Department of Energy,DOE,2018,1399044
Joint Board for the Enrollment of Actuaries,Joint Board for the Enrollment of Actuaries,JBEA,2018,19553
Environmental Protection Agency,Environmental Protection Agency,EPA,2018,12345537
Equal Employment Opportunity Commission,Equal Employment Opportunity Commission,EEOC,2018,194951
Executive Office of the President,Executive Office of the President,EOP,2018,99663
Export-Import Bank of the United States,Export-Import Bank of the United States,EIB/USEIB,2018,31414
Farm Credit Administration,Farm Credit Administration,FCA,2018,224645
Farm Credit System Insurance Corporation,Farm Credit System Insurance Corporation,FCSIC,2018,23441
Federal Acquisition Regulatory Council,Federal Acquisition Regulatory Council,,2018,592034
Federal Acquisition Security Council,Federal Acquisition Security Council,FASC,2018,0
Federal Communications Commission,Federal Communications Commission,FCC,2018,1404195
Federal Deposit Insurance Corporation,Federal Deposit Insurance Corporation,FDIC,2018,666852
Federal Election Commission,Federal Election Commission,FEC,2018,214766
Federal Financial Institutions Examination Council,Federal Financial Institutions Examination Council,FFIEC,2018,22811
Federal Financing Bank,Federal Financing Bank,,2018,2667
Federal Housing Finance Agency,Federal Housing Finance Agency,FHFA,2018,258414
Federal Labor Relations Authority,Federal Labor Relations Authority,FLRA,2018,213434
Federal Maritime Commission,Federal Maritime Commission,FMC,2018,154302
Federal Mediation and Conciliation Service,Federal Mediation and Conciliation Service,FMCS,2018,66460
Federal Mine Safety and Health Review Commission,Federal Mine Safety and Health Review Commission,MSHFRC,2018,32227
Federal Permitting Improvement Steering Council,Federal Permitting Improvement Steering Council,FPISC,2018,139
Federal Procurement Regulations System,Federal Procurement Regulations System,,2018,0
Federal Property Management Regulations System,Federal Property Management Regulations System,,2018,328042
Administrative Committee of the Federal Register,Administrative Committee of the Federal Register,ACFR,2018,10388
Federal Reserve System,Federal Reserve System,FRS,2018,1270588
Federal Retirement Thrift Investment Board,Federal Retirement Thrift Investment Board,FRTIB,2018,79471
Federal Trade Commission,Federal Trade Commission,FTC,2018,283888
Federal Travel Regulation System,Federal Travel Regulation System,,2018,85864
Financial Stability Oversight Council,Financial Stability Oversight Council,FSOC,2018,25459
Commission of Fine Arts,Commission of Fine Arts,CFA,2018,11442
First Responder Network Authority,First Responder Network Authority,FirstNet,2018,1490
Foreign Service Grievance Board,Foreign Service Grievance Board,FSGB,2018,7329
Foreign Service Impasse Disputes Panel,Foreign Service Impasse Disputes Panel,Disputes Panel,2018,57874
Foreign Service Labor Relations Board,Foreign Service Labor Relations Board,FSLRB,2018,57874
General Services Administration,General Services Administration,GSA,2018,178897
Government Accountability Office,Government Accountability Office,GAO,2018,47560
Office of Government Ethics,Office of Government Ethics,OGE,2018,114480
Gulf Coast Ecosystem Restoration Council,Gulf Coast Ecosystem Restoration Council,Gulf Restoration Council,2018,12090
Harry S. Truman Scholarship Foundation,Harry S. Truman Scholarship Foundation,HST,2018,9561
Department of Health and Human Services,Department of Health and Human Services,HHS,2018,5392292
Department of Homeland Security,Department of Homeland Security,DHS,2018,3946664
Department of Housing and Urban Development,Department of Housing and Urban Development,HUD,2018,1187789
Office of Independent Counsel,Office of Independent Counsel,,2018,13465
United States Institute of Peace,United States Institute of Peace,USIP,2018,3714
Inter-American Foundation,Inter-American Foundation,IAF,2018,27055
Department of Interior,Department of Interior,DOI,2018,3891831
United States Section United States and Mexico International Boundary and Water Commission,United States Section United States and Mexico International Boundary and Water Commission,IBWC,2018,22218
United States International Development Cooperation Agency,United States International Development Cooperation Agency,,2018,9781
United States International Development Finance Corporation,United States International Development Finance Corporation,DFC,2018,28638
Agency for International Development,Agency for International Development,USAID,2018,209450
United States and Canada International Joint Commission,United States and Canada International Joint Commission,IJC,2018,4523
International Organizations Employees Loyalty Board,International Organizations Employees Loyalty Board,,2018,2068
United States International Trade Commission,United States International Trade Commission,ITC,2018,114859
Interstate Commerce Commission,Interstate Commerce Commission,ICC,2018,977
James Madison Memorial Fellowship Foundation,James Madison Memorial Fellowship Foundation,,2018,9992
Japan-United States Friendship Commission,Japan-United States Friendship Commission,JUSFC,2018,3631
Department of Justice,Department of Justice,DOJ,2018,1537500
Department of Labor,Department of Labor,DOL,2018,3255251
Legal Services Corporation,Legal Services Corporation,LSC,2018,66319
National Commission on Libraries and Information Science,National Commission on Libraries and Information Science,NCLIS,2018,9767
Library of Congress,Library of Congress,LOC,2018,178361
Office of Management and Budget,Office of Management and Budget,OMB,2018,338085
Marine Mammal Commission,Marine Mammal Commission,MMC,2018,12333
Merit Systems Protection Board,Merit Systems Protection Board,MSPB,2018,43256
Office for Micronesian Status Negotiations,Office for Micronesian Status Negotiations,,2018,3648
Military Compensation and Retirement Modernization Commission,Military Compensation and Retirement Modernization Commission,Military Compensation and Retirement Modernization Commission,2018,72
National Commission on Military, National, and Public Service,National Commission on Military, National, and Public Service,NCMNPS,2018,0
Millennium Challenge Corporation,Millennium Challenge Corporation,MCC,2018,11937
Morris K. Udall and Stewart L. Udall Foundation,Morris K. Udall and Stewart L. Udall Foundation,Udall Foundation,2018,8433
National Aeronautics and Space Administration,National Aeronautics and Space Administration,NASA,2018,254429
Corporation for National and Community Service,Corporation for National and Community Service,CORP/CNCS,2018,161167
National Archives and Records Administration,National Archives and Records Administration,NARA,2018,173341
National Capital Planning Commission,National Capital Planning Commission,NCPC,2018,26725
National Counterintelligence Center,National Counterintelligence Center,NCTC,2018,20332
National Credit Union Administration,National Credit Union Administration,NCUA,2018,362346
National Crime Prevention and Privacy Compact Council,National Crime Prevention and Privacy Compact Council,NCPPCC,2018,5654
Office of National Drug Control Policy,Office of National Drug Control Policy,ONDCP,2018,2915
National Foundation on the Arts and the Humanities,National Foundation on the Arts and the Humanities,ARTS,2018,104414
National Labor Relations Board,National Labor Relations Board,NLRB,2018,77908
National Mediation Board,National Mediation Board,NMB,2018,13612
National Railroad Adjustment Board,National Railroad Adjustment Board,,2018,1151
National Railroad Passenger Corporation,National Railroad Passenger Corporation,AMTRAK,2018,9097
National Science Foundation,National Science Foundation,NSF,2018,108041
National Transportation Safety Board,National Transportation Safety Board,NTSB,2018,56325
Office of Navajo and Hopi Indian Relocation,Office of Navajo and Hopi Indian Relocation,ONHIR,2018,50393
Neighborhood Reinvestment Corporation,Neighborhood Reinvestment Corporation,NEIGHBOR,2018,4026
Northeast Interstate Low-Level Radioactive Waste Commission,Northeast Interstate Low-Level Radioactive Waste Commission,,2018,1782
Nuclear Regulatory Commission,Nuclear Regulatory Commission,NRC,2018,826065
Nuclear Waste Technical Review Board,Nuclear Waste Technical Review Board,NWTRB,2018,9211
Occupational Safety and Health Review Commission,Occupational Safety and Health Review Commission,OSHRC,2018,44885
Oklahoma City National Memorial Trust,Oklahoma City National Memorial Trust,,2018,105
Peace Corps,Peace Corps,PC,2018,31346
Pennsylvania Avenue Development Corporation,Pennsylvania Avenue Development Corporation,,2018,36623
Pension Benefit Guaranty Corporation,Pension Benefit Guaranty Corporation,PBGC,2018,178371
Office of Personnel Management,Office of Personnel Management,OPM,2018,758069
Postal Regulatory Commission,Postal Regulatory Commission,PRC,2018,77930
United States Postal Service,United States Postal Service,USPS,2018,203585
Presidio Trust,Presidio Trust,PT,2018,40885
Privacy and Civil Liberties Oversight Board,Privacy and Civil Liberties Oversight Board,PCLOB,2018,10617
Railroad Retirement Board,Railroad Retirement Board,RRB,2018,241139
Securities and Exchange Commission,Securities and Exchange Commission,SEC,2018,1020836
Selective Service System,Selective Service System,SSS,2018,38967
Small Business Administration,Small Business Administration,SBA,2018,414444
Smithsonian Institution,Smithsonian Institution,,2018,2451
Social Security Administration,Social Security Administration,SSA,2018,829625
Office of Special Counsel,Office of Special Counsel,OSC,2018,15367
Department of State,Department of State,DOS,2018,416067
Surface Transportation Board,Surface Transportation Board,STB,2018,187328
Susquehanna River Basin Commission,Susquehanna River Basin Commission,SRBC,2018,25159
Tennessee Valley Authority,Tennessee Valley Authority,TVA,2018,93407
Department of Transportation,Department of Transportation,DOT,2018,4570974
Department of Treasury,Department of Treasury,TREAS,2018,3435409
Office of United States Trade Representative,Office of United States Trade Representative,USTR,2018,33306
Utah Reclamation Mitigation and Conservation Commission,Utah Reclamation Mitigation and Conservation Commission,URMCC,2018,21841
Department of Veterans Affairs,Department of Veterans Affairs,VA,2018,868914
Office of Vice President of the United States,Office of Vice President of the United States,,2018,3059
Water Resources Council,Water Resources Council,,2018,29029
President's Commission on White House Fellowships,President's Commission on White House Fellowships,,2018,1459
Administrative Conference of the United States,Administrative Conference of the United States,ACUS,2019,12437
Advisory Council on Historic Preservation,Advisory Council on Historic Preservation,ACHP,2019,30978
Special Inspector General for Afghanistan Reconstruction,Special Inspector General for Afghanistan Reconstruction,SIGAR,2019,10989
African Development Foundation,African Development Foundation,USADF,2019,33066
United States Agency for Global Media,United States Agency for Global Media,USAGM,2019,81143
Department of Agriculture,Department of Agriculture,USDA,2019,6131221
Air Transportation System Stabilization,Air Transportation System Stabilization,ATSB,2019,6310
American Battle Monuments Commission,American Battle Monuments Commission,ABMC,2019,11380
Appalachian Regional Commission,Appalachian Regional Commission,ARC,2019,89
Architectural and Transportation Barriers Compliance Board,Architectural and Transportation Barriers Compliance Board,ATBCB,2019,135131
Arctic Research Commission,Arctic Research Commission,ARCTIC,2019,3671
Armed Forces Retirement Home,Armed Forces Retirement Home,AFRH,2019,6888
Committee for Purchase From People Who Are Blind or Severely Disabled,Committee for Purchase From People Who Are Blind or Severely Disabled,CPPBSD,2019,29571
Central Intelligence Agency,Central Intelligence Agency,CIA,2019,13249
Chemical Safety and Hazard Investigation Board,Chemical Safety and Hazard Investigation Board,CSB,2019,25026
Commission on Civil Rights,Commission on Civil Rights,CRC,2019,25139
Department of Commerce,Department of Commerce,DOC,2019,1509301
Commodity Futures Trading Commission,Commodity Futures Trading Commission,CFTC,2019,627845
Construction Industry Collective Bargaining Commission,Construction Industry Collective Bargaining Commission,,2019,743
Consumer Financial Protection Bureau,Consumer Financial Protection Bureau,CFPB,2019,1067708
Consumer Product Safety Commission,Consumer Product Safety Commission,CPSC,2019,465768
Council of the Inspectors General on Integrity and Efficiency,Council of the Inspectors General on Integrity and Efficiency,CIGIE,2019,13177
Court Services and Offender Supervision Agency for the District of Columbia,Court Services and Offender Supervision Agency for the District of Columbia,CSOSA,2019,24659
Defense Nuclear Facilities Safety Board,Defense Nuclear Facilities Safety Board,DNFSB,2019,19832
Department of Defense,Department of Defense,DOD,2019,3584055
Delaware River Basin Commission,Delaware River Basin Commission,DRBC,2019,21292
Denali Commission,Denali Commission,DC,2019,5580
Office of Director of National Intelligence,Office of Director of National Intelligence,ODNI,2019,23923
National Council on Disability,National Council on Disability,NCD,2019,13252
East-West Foreign Trade Board,East-West Foreign Trade Board,,2019,188
Department of Education,Department of Education,ED,2019,1074994
Election Assistance Commission,Election Assistance Commission,EAC,2019,21509
Emergency Oil and Gas Guaranteed Loan Board,Emergency Oil and Gas Guaranteed Loan Board,,2019,13753
Emergency Steel Guarantee Loan Board,Emergency Steel Guarantee Loan Board,,2019,13531
National Commission for Employment Policy,National Commission for Employment Policy,,2019,3621
Department of Energy,Department of Energy,DOE,2019,1413411
Joint Board for the Enrollment of Actuaries,Joint Board for the Enrollment of Actuaries,JBEA,2019,19553
Environmental Protection Agency,Environmental Protection Agency,EPA,2019,12345453
Equal Employment Opportunity Commission,Equal Employment Opportunity Commission,EEOC,2019,194023
Executive Office of the President,Executive Office of the President,EOP,2019,99663
Export-Import Bank of the United States,Export-Import Bank of the United States,EIB/USEIB,2019,31434
Farm Credit Administration,Farm Credit Administration,FCA,2019,226254
Farm Credit System Insurance Corporation,Farm Credit System Insurance Corporation,FCSIC,2019,23441
Federal Acquisition Regulatory Council,Federal Acquisition Regulatory Council,,2019,592309
Federal Acquisition Security Council,Federal Acquisition Security Council,FASC,2019,0
Federal Communications Commission,Federal Communications Commission,FCC,2019,1387803
Federal Deposit Insurance Corporation,Federal Deposit Insurance Corporation,FDIC,2019,553580
Federal Election Commission,Federal Election Commission,FEC,2019,214772
Federal Financial Institutions Examination Council,Federal Financial Institutions Examination Council,FFIEC,2019,22812
Federal Financing Bank,Federal Financing Bank,,2019,2667
Federal Housing Finance Agency,Federal Housing Finance Agency,FHFA,2019,263482
Federal Labor Relations Authority,Federal Labor Relations Authority,FLRA,2019,213360
Federal Maritime Commission,Federal Maritime Commission,FMC,2019,152533
Federal Mediation and Conciliation Service,Federal Mediation and Conciliation Service,FMCS,2019,66460
Federal Mine Safety and Health Review Commission,Federal Mine Safety and Health Review Commission,MSHFRC,2019,32227
Federal Permitting Improvement Steering Council,Federal Permitting Improvement Steering Council,FPISC,2019,139
Federal Procurement Regulations System,Federal Procurement Regulations System,,2019,0
Federal Property Management Regulations System,Federal Property Management Regulations System,,2019,326832
Administrative Committee of the Federal Register,Administrative Committee of the Federal Register,ACFR,2019,10388
Federal Reserve System,Federal Reserve System,FRS,2019,1289973
Federal Retirement Thrift Investment Board,Federal Retirement Thrift Investment Board,FRTIB,2019,79363
Federal Trade Commission,Federal Trade Commission,FTC,2019,283615
Federal Travel Regulation System,Federal Travel Regulation System,,2019,85517
Financial Stability Oversight Council,Financial Stability Oversight Council,FSOC,2019,25459
Commission of Fine Arts,Commission of Fine Arts,CFA,2019,11442
First Responder Network Authority,First Responder Network Authority,FirstNet,2019,1490
Foreign Service Grievance Board,Foreign Service Grievance Board,FSGB,2019,7329
Foreign Service Impasse Disputes Panel,Foreign Service Impasse Disputes Panel,Disputes Panel,2019,57874
Foreign Service Labor Relations Board,Foreign Service Labor Relations Board,FSLRB,2019,57874
General Services Administration,General Services Administration,GSA,2019,170480
Government Accountability Office,Government Accountability Office,GAO,2019,48045
Office of Government Ethics,Office of Government Ethics,OGE,2019,113881
Gulf Coast Ecosystem Restoration Council,Gulf Coast Ecosystem Restoration Council,Gulf Restoration Council,2019,12090
Harry S. Truman Scholarship Foundation,Harry S. Truman Scholarship Foundation,HST,2019,9561
Department of Health and Human Services,Department of Health and Human Services,HHS,2019,5428828
Department of Homeland Security,Department of Homeland Security,DHS,2019,4031378
Department of Housing and Urban Development,Department of Housing and Urban Development,HUD,2019,1192360
Office of Independent Counsel,Office of Independent Counsel,,2019,13465
United States Institute of Peace,United States Institute of Peace,USIP,2019,3714
Inter-American Foundation,Inter-American Foundation,IAF,2019,27055
Department of Interior,Department of Interior,DOI,2019,3886893
United States Section United States and Mexico International Boundary and Water Commission,United States Section United States and Mexico International Boundary and Water Commission,IBWC,2019,22218
United States International Development Cooperation Agency,United States International Development Cooperation Agency,,2019,9781
United States International Development Finance Corporation,United States International Development Finance Corporation,DFC,2019,28638
Agency for International Development,Agency for International Development,USAID,2019,213825
United States and Canada International Joint Commission,United States and Canada International Joint Commission,IJC,2019,4523
International Organizations Employees Loyalty Board,International Organizations Employees Loyalty Board,,2019,2068
United States International Trade Commission,United States International Trade Commission,ITC,2019,119222
Interstate Commerce Commission,Interstate Commerce Commission,ICC,2019,977
James Madison Memorial Fellowship Foundation,James Madison Memorial Fellowship Foundation,,2019,9992
Japan-United States Friendship Commission,Japan-United States Friendship Commission,JUSFC,2019,3631
Department of Justice,Department of Justice,DOJ,2019,1542840
Department of Labor,Department of Labor,DOL,2019,3264713
Legal Services Corporation,Legal Services Corporation,LSC,2019,66229
National Commission on Libraries and Information Science,National Commission on Libraries and Information Science,NCLIS,2019,9767
Library of Congress,Library of Congress,LOC,2019,171495
Office of Management and Budget,Office of Management and Budget,OMB,2019,338218
Marine Mammal Commission,Marine Mammal Commission,MMC,2019,12333
Merit Systems Protection Board,Merit Systems Protection Board,MSPB,2019,43256
Office for Micronesian Status Negotiations,Office for Micronesian Status Negotiations,,2019,3648
Military Compensation and Retirement Modernization Commission,Military Compensation and Retirement Modernization Commission,Military Compensation and Retirement Modernization Commission,2019,72
National Commission on Military, National, and Public Service,National Commission on Military, National, and Public Service,NCMNPS,2019,9647
Millennium Challenge Corporation,Millennium Challenge Corporation,MCC,2019,13467
Morris K. Udall and Stewart L. Udall Foundation,Morris K. Udall and Stewart L. Udall Foundation,Udall Foundation,2019,8433
National Aeronautics and Space Administration,National Aeronautics and Space Administration,NASA,2019,264604
Corporation for National and Community Service,Corporation for National and Community Service,CORP/CNCS,2019,159570
National Archives and Records Administration,National Archives and Records Administration,NARA,2019,182870
National Capital Planning Commission,National Capital Planning Commission,NCPC,2019,26725
National Counterintelligence Center,National Counterintelligence Center,NCTC,2019,20332
National Credit Union Administration,National Credit Union Administration,NCUA,2019,348143
National Crime Prevention and Privacy Compact Council,National Crime Prevention and Privacy Compact Council,NCPPCC,2019,5654
Office of National Drug Control Policy,Office of National Drug Control Policy,ONDCP,2019,2915
National Foundation on the Arts and the Humanities,National Foundation on the Arts and the Humanities,ARTS,2019,104414
National Labor Relations Board,National Labor Relations Board,NLRB,2019,77985
National Mediation Board,National Mediation Board,NMB,2019,14072
National Railroad Adjustment Board,National Railroad Adjustment Board,,2019,1151
National Railroad Passenger Corporation,National Railroad Passenger Corporation,AMTRAK,2019,9081
National Science Foundation,National Science Foundation,NSF,2019,112506
National Transportation Safety Board,National Transportation Safety Board,NTSB,2019,56324
Office of Navajo and Hopi Indian Relocation,Office of Navajo and Hopi Indian Relocation,ONHIR,2019,50393
Neighborhood Reinvestment Corporation,Neighborhood Reinvestment Corporation,NEIGHBOR,2019,4026
Northeast Interstate Low-Level Radioactive Waste Commission,Northeast Interstate Low-Level Radioactive Waste Commission,,2019,1782
Nuclear Regulatory Commission,Nuclear Regulatory Commission,NRC,2019,837343
Nuclear Waste Technical Review Board,Nuclear Waste Technical Review Board,NWTRB,2019,9211
Occupational Safety and Health Review Commission,Occupational Safety and Health Review Commission,OSHRC,2019,44885
Oklahoma City National Memorial Trust,Oklahoma City National Memorial Trust,,2019,105
Peace Corps,Peace Corps,PC,2019,31346
Pennsylvania Avenue Development Corporation,Pennsylvania Avenue Development Corporation,,2019,36623
Pension Benefit Guaranty Corporation,Pension Benefit Guaranty Corporation,PBGC,2019,182440
Office of Personnel Management,Office of Personnel Management,OPM,2019,765908
Postal Regulatory Commission,Postal Regulatory Commission,PRC,2019,81028
United States Postal Service,United States Postal Service,USPS,2019,205010
Presidio Trust,Presidio Trust,PT,2019,43511
Privacy and Civil Liberties Oversight Board,Privacy and Civil Liberties Oversight Board,PCLOB,2019,10617
Railroad Retirement Board,Railroad Retirement Board,RRB,2019,241139
Securities and Exchange Commission,Securities and Exchange Commission,SEC,2019,1021674
Selective Service System,Selective Service System,SSS,2019,38967
Small Business Administration,Small Business Administration,SBA,2019,421031
Smithsonian Institution,Smithsonian Institution,,2019,2451
Social Security Administration,Social Security Administration,SSA,2019,840009
Office of Special Counsel,Office of Special Counsel,OSC,2019,15367
Department of State,Department of State,DOS,2019,416735
Surface Transportation Board,Surface Transportation Board,STB,2019,187942
Susquehanna River Basin Commission,Susquehanna River Basin Commission,SRBC,2019,25804
Tennessee Valley Authority,Tennessee Valley Authority,TVA,2019,95588
Department of Transportation,Department of Transportation,DOT,2019,4568698
Department of Treasury,Department of Treasury,TREAS,2019,3432504
Office of United States Trade Representative,Office of United States Trade Representative,USTR,2019,31469
Utah Reclamation Mitigation and Conservation Commission,Utah Reclamation Mitigation and Conservation Commission,URMCC,2019,21841
Department of Veterans Affairs,Department of Veterans Affairs,VA,2019,884011
Office of Vice President of the United States,Office of Vice President of the United States,,2019,3059
Water Resources Council,Water Resources Council,,2019,29029
President's Commission on White House Fellowships,President's Commission on White House Fellowships,,2019,1459
Administrative Conference of the United States,Administrative Conference of the United States,ACUS,2020,12437
Advisory Council on Historic Preservation,Advisory Council on Historic Preservation,ACHP,2020,30978
Special Inspector General for Afghanistan Reconstruction,Special Inspector General for Afghanistan Reconstruction,SIGAR,2020,10989
African Development Foundation,African Development Foundation,USADF,2020,33066
United States Agency for Global Media,United States Agency for Global Media,USAGM,2020,81143
Department of Agriculture,Department of Agriculture,USDA,2020,6142263
Air Transportation System Stabilization,Air Transportation System Stabilization,ATSB,2020,6310
American Battle Monuments Commission,American Battle Monuments Commission,ABMC,2020,11380
Appalachian Regional Commission,Appalachian Regional Commission,ARC,2020,89
Architectural and Transportation Barriers Compliance Board,Architectural and Transportation Barriers Compliance Board,ATBCB,2020,135131
Arctic Research Commission,Arctic Research Commission,ARCTIC,2020,3671
Armed Forces Retirement Home,Armed Forces Retirement Home,AFRH,2020,6888
Committee for Purchase From People Who Are Blind or Severely Disabled,Committee for Purchase From People Who Are Blind or Severely Disabled,CPPBSD,2020,29571
Central Intelligence Agency,Central Intelligence Agency,CIA,2020,13249
Chemical Safety and Hazard Investigation Board,Chemical Safety and Hazard Investigation Board,CSB,2020,25026
Commission on Civil Rights,Commission on Civil Rights,CRC,2020,25139
Department of Commerce,Department of Commerce,DOC,2020,1551487
Commodity Futures Trading Commission,Commodity Futures Trading Commission,CFTC,2020,656091
Construction Industry Collective Bargaining Commission,Construction Industry Collective Bargaining Commission,,2020,743
Consumer Financial Protection Bureau,Consumer Financial Protection Bureau,CFPB,2020,1142101
Consumer Product Safety Commission,Consumer Product Safety Commission,CPSC,2020,466977
Council of the Inspectors General on Integrity and Efficiency,Council of the Inspectors General on Integrity and Efficiency,CIGIE,2020,13177
Court Services and Offender Supervision Agency for the District of Columbia,Court Services and Offender Supervision Agency for the District of Columbia,CSOSA,2020,24659
Defense Nuclear Facilities Safety Board,Defense Nuclear Facilities Safety Board,DNFSB,2020,19832
Department of Defense,Department of Defense,DOD,2020,3320447
Delaware River Basin Commission,Delaware River Basin Commission,DRBC,2020,21292
Denali Commission,Denali Commission,DC,2020,5580
Office of Director of National Intelligence,Office of Director of National Intelligence,ODNI,2020,20131
National Council on Disability,National Council on Disability,NCD,2020,13252
East-West Foreign Trade Board,East-West Foreign Trade Board,,2020,188
Department of Education,Department of Education,ED,2020,1047224
Election Assistance Commission,Election Assistance Commission,EAC,2020,21509
Emergency Oil and Gas Guaranteed Loan Board,Emergency Oil and Gas Guaranteed Loan Board,,2020,13753
Emergency Steel Guarantee Loan Board,Emergency Steel Guarantee Loan Board,,2020,13531
National Commission for Employment Policy,National Commission for Employment Policy,,2020,3621
Department of Energy,Department of Energy,DOE,2020,1391260
Joint Board for the Enrollment of Actuaries,Joint Board for the Enrollment of Actuaries,JBEA,2020,19553
Environmental Protection Agency,Environmental Protection Agency,EPA,2020,12345453
Equal Employment Opportunity Commission,Equal Employment Opportunity Commission,EEOC,2020,194029
Executive Office of the President,Executive Office of the President,EOP,2020,99663
Export-Import Bank of the United States,Export-Import Bank of the United States,EIB/USEIB,2020,31434
Farm Credit Administration,Farm Credit Administration,FCA,2020,227834
Farm Credit System Insurance Corporation,Farm Credit System Insurance Corporation,FCSIC,2020,23441
Federal Acquisition Regulatory Council,Federal Acquisition Regulatory Council,,2020,593346
Federal Acquisition Security Council,Federal Acquisition Security Council,FASC,2020,0
Federal Communications Commission,Federal Communications Commission,FCC,2020,1401620
Federal Deposit Insurance Corporation,Federal Deposit Insurance Corporation,FDIC,2020,586680
Federal Election Commission,Federal Election Commission,FEC,2020,214451
Federal Financial Institutions Examination Council,Federal Financial Institutions Examination Council,FFIEC,2020,22812
Federal Financing Bank,Federal Financing Bank,,2020,2667
Federal Housing Finance Agency,Federal Housing Finance Agency,FHFA,2020,277079
Federal Labor Relations Authority,Federal Labor Relations Authority,FLRA,2020,213360
Federal Maritime Commission,Federal Maritime Commission,FMC,2020,152229
Federal Mediation and Conciliation Service,Federal Mediation and Conciliation Service,FMCS,2020,65424
Federal Mine Safety and Health Review Commission,Federal Mine Safety and Health Review Commission,MSHFRC,2020,30116
Federal Permitting Improvement Steering Council,Federal Permitting Improvement Steering Council,FPISC,2020,139
Federal Procurement Regulations System,Federal Procurement Regulations System,,2020,0
Federal Property Management Regulations System,Federal Property Management Regulations System,,2020,326850
Administrative Committee of the Federal Register,Administrative Committee of the Federal Register,ACFR,2020,10388
Federal Reserve System,Federal Reserve System,FRS,2020,1355872
Federal Retirement Thrift Investment Board,Federal Retirement Thrift Investment Board,FRTIB,2020,79388
Federal Trade Commission,Federal Trade Commission,FTC,2020,284098
Federal Travel Regulation System,Federal Travel Regulation System,,2020,85920
Financial Stability Oversight Council,Financial Stability Oversight Council,FSOC,2020,30206
Commission of Fine Arts,Commission of Fine Arts,CFA,2020,22541
First Responder Network Authority,First Responder Network Authority,FirstNet,2020,1488
Foreign Service Grievance Board,Foreign Service Grievance Board,FSGB,2020,7329
Foreign Service Impasse Disputes Panel,Foreign Service Impasse Disputes Panel,Disputes Panel,2020,57874
Foreign Service Labor Relations Board,Foreign Service Labor Relations Board,FSLRB,2020,57874
General Services Administration,General Services Administration,GSA,2020,172408
Government Accountability Office,Government Accountability Office,GAO,2020,48045
Office of Government Ethics,Office of Government Ethics,OGE,2020,113885
Gulf Coast Ecosystem Restoration Council,Gulf Coast Ecosystem Restoration Council,Gulf Restoration Council,2020,12090
Harry S. Truman Scholarship Foundation,Harry S. Truman Scholarship Foundation,HST,2020,9561
Department of Health and Human Services,Department of Health and Human Services,HHS,2020,5480356
Department of Homeland Security,Department of Homeland Security,DHS,2020,4054107
Department of Housing and Urban Development,Department of Housing and Urban Development,HUD,2020,1189551
Office of Independent Counsel,Office of Independent Counsel,,2020,13465
United States Institute of Peace,United States Institute of Peace,USIP,2020,3714
Inter-American Foundation,Inter-American Foundation,IAF,2020,27055
Department of Interior,Department of Interior,DOI,2020,4079875
United States Section United States and Mexico International Boundary and Water Commission,United States Section United States and Mexico International Boundary and Water Commission,IBWC,2020,22218
United States International Development Cooperation Agency,United States International Development Cooperation Agency,,2020,9781
United States International Development Finance Corporation,United States International Development Finance Corporation,DFC,2020,27242
Agency for International Development,Agency for International Development,USAID,2020,210252
United States and Canada International Joint Commission,United States and Canada International Joint Commission,IJC,2020,4523
International Organizations Employees Loyalty Board,International Organizations Employees Loyalty Board,,2020,2068
United States International Trade Commission,United States International Trade Commission,ITC,2020,119622
Interstate Commerce Commission,Interstate Commerce Commission,ICC,2020,977
James Madison Memorial Fellowship Foundation,James Madison Memorial Fellowship Foundation,,2020,9992
Japan-United States Friendship Commission,Japan-United States Friendship Commission,JUSFC,2020,3631
Department of Justice,Department of Justice,DOJ,2020,1551470
Department of Labor,Department of Labor,DOL,2020,3284917
Legal Services Corporation,Legal Services Corporation,LSC,2020,66229
National Commission on Libraries and Information Science,National Commission on Libraries and Information Science,NCLIS,2020,9767
Library of Congress,Library of Congress,LOC,2020,180919
Office of Management and Budget,Office of Management and Budget,OMB,2020,338225
Marine Mammal Commission,Marine Mammal Commission,MMC,2020,12333
Merit Systems Protection Board,Merit Systems Protection Board,MSPB,2020,43256
Office for Micronesian Status Negotiations,Office for Micronesian Status Negotiations,,2020,3648
Military Compensation and Retirement Modernization Commission,Military Compensation and Retirement Modernization Commission,Military Compensation and Retirement Modernization Commission,2020,72
National Commission on Military, National, and Public Service,National Commission on Military, National, and Public Service,NCMNPS,2020,9647
Millennium Challenge Corporation,Millennium Challenge Corporation,MCC,2020,13467
Morris K. Udall and Stewart L. Udall Foundation,Morris K. Udall and Stewart L. Udall Foundation,Udall Foundation,2020,8433
National Aeronautics and Space Administration,National Aeronautics and Space Administration,NASA,2020,253816
Corporation for National and Community Service,Corporation for National and Community Service,CORP/CNCS,2020,159582
National Archives and Records Administration,National Archives and Records Administration,NARA,2020,183256
National Capital Planning Commission,National Capital Planning Commission,NCPC,2020,26725
National Counterintelligence Center,National Counterintelligence Center,NCTC,2020,20332
National Credit Union Administration,National Credit Union Administration,NCUA,2020,356720
National Crime Prevention and Privacy Compact Council,National Crime Prevention and Privacy Compact Council,NCPPCC,2020,5654
Office of National Drug Control Policy,Office of National Drug Control Policy,ONDCP,2020,2921
National Foundation on the Arts and the Humanities,National Foundation on the Arts and the Humanities,ARTS,2020,114415
National Labor Relations Board,National Labor Relations Board,NLRB,2020,77985
National Mediation Board,National Mediation Board,NMB,2020,14188
National Railroad Adjustment Board,National Railroad Adjustment Board,,2020,1151
National Railroad Passenger Corporation,National Railroad Passenger Corporation,AMTRAK,2020,9081
National Science Foundation,National Science Foundation,NSF,2020,111926
National Transportation Safety Board,National Transportation Safety Board,NTSB,2020,56339
Office of Navajo and Hopi Indian Relocation,Office of Navajo and Hopi Indian Relocation,ONHIR,2020,50393
Neighborhood Reinvestment Corporation,Neighborhood Reinvestment Corporation,NEIGHBOR,2020,4026
Northeast Interstate Low-Level Radioactive Waste Commission,Northeast Interstate Low-Level Radioactive Waste Commission,,2020,1782
Nuclear Regulatory Commission,Nuclear Regulatory Commission,NRC,2020,843286
Nuclear Waste Technical Review Board,Nuclear Waste Technical Review Board,NWTRB,2020,9211
Occupational Safety and Health Review Commission,Occupational Safety and Health Review Commission,OSHRC,2020,45887
Oklahoma City National Memorial Trust,Oklahoma City National Memorial Trust,,2020,105
Peace Corps,Peace Corps,PC,2020,31351
Pennsylvania Avenue Development Corporation,Pennsylvania Avenue Development Corporation,,2020,36623
Pension Benefit Guaranty Corporation,Pension Benefit Guaranty Corporation,PBGC,2020,180501
Office of Personnel Management,Office of Personnel Management,OPM,2020,768560
Postal Regulatory Commission,Postal Regulatory Commission,PRC,2020,83327
United States Postal Service,United States Postal Service,USPS,2020,205109
Presidio Trust,Presidio Trust,PT,2020,43511
Privacy and Civil Liberties Oversight Board,Privacy and Civil Liberties Oversight Board,PCLOB,2020,10773
Railroad Retirement Board,Railroad Retirement Board,RRB,2020,241146
Securities and Exchange Commission,Securities and Exchange Commission,SEC,2020,1106872
Selective Service System,Selective Service System,SSS,2020,38967
Small Business Administration,Small Business Administration,SBA,2020,441538
Smithsonian Institution,Smithsonian Institution,,2020,2451
Social Security Administration,Social Security Administration,SSA,2020,840636
Office of Special Counsel,Office of Special Counsel,OSC,2020,15351
Department of State,Department of State,DOS,2020,421962
Surface Transportation Board,Surface Transportation Board,STB,2020,187544
Susquehanna River Basin Commission,Susquehanna River Basin Commission,SRBC,2020,25804
Tennessee Valley Authority,Tennessee Valley Authority,TVA,2020,95588
Department of Transportation,Department of Transportation,DOT,2020,4562777
Department of Treasury,Department of Treasury,TREAS,2020,3403762
Office of United States Trade Representative,Office of United States Trade Representative,USTR,2020,31469
Utah Reclamation Mitigation and Conservation Commission,Utah Reclamation Mitigation and Conservation Commission,URMCC,2020,21841
Department of Veterans Affairs,Department of Veterans Affairs,VA,2020,897592
Office of Vice President of the United States,Office of Vice President of the United States,,2020,3059
Water Resources Council,Water Resources Council,,2020,29029
President's Commission on White House Fellowships,President's Commission on White House Fellowships,,2020,1459
Administrative Conference of the United States,Administrative Conference of the United States,ACUS,2021,12437
Advisory Council on Historic Preservation,Advisory Council on Historic Preservation,ACHP,2021,30978
Special Inspector General for Afghanistan Reconstruction,Special Inspector General for Afghanistan Reconstruction,SIGAR,2021,10989
African Development Foundation,African Development Foundation,USADF,2021,33066
United States Agency for Global Media,United States Agency for Global Media,USAGM,2021,81143
Department of Agriculture,Department of Agriculture,USDA,2021,6316599
Air Transportation System Stabilization,Air Transportation System Stabilization,ATSB,2021,6310
American Battle Monuments Commission,American Battle Monuments Commission,ABMC,2021,12562
Appalachian Regional Commission,Appalachian Regional Commission,ARC,2021,89
Architectural and Transportation Barriers Compliance Board,Architectural and Transportation Barriers Compliance Board,ATBCB,2021,136846
Arctic Research Commission,Arctic Research Commission,ARCTIC,2021,3671
Armed Forces Retirement Home,Armed Forces Retirement Home,AFRH,2021,6888
Committee for Purchase From People Who Are Blind or Severely Disabled,Committee for Purchase From People Who Are Blind or Severely Disabled,CPPBSD,2021,32616
Central Intelligence Agency,Central Intelligence Agency,CIA,2021,13249
Chemical Safety and Hazard Investigation Board,Chemical Safety and Hazard Investigation Board,CSB,2021,25026
Commission on Civil Rights,Commission on Civil Rights,CRC,2021,25139
Department of Commerce,Department of Commerce,DOC,2021,1536652
Commodity Futures Trading Commission,Commodity Futures Trading Commission,CFTC,2021,658624
Construction Industry Collective Bargaining Commission,Construction Industry Collective Bargaining Commission,,2021,743
Consumer Financial Protection Bureau,Consumer Financial Protection Bureau,CFPB,2021,1119306
Consumer Product Safety Commission,Consumer Product Safety Commission,CPSC,2021,467604
Council of the Inspectors General on Integrity and Efficiency,Council of the Inspectors General on Integrity and Efficiency,CIGIE,2021,13177
Court Services and Offender Supervision Agency for the District of Columbia,Court Services and Offender Supervision Agency for the District of Columbia,CSOSA,2021,26897
Defense Nuclear Facilities Safety Board,Defense Nuclear Facilities Safety Board,DNFSB,2021,19832
Department of Defense,Department of Defense,DOD,2021,3135864
Delaware River Basin Commission,Delaware River Basin Commission,DRBC,2021,21023
Denali Commission,Denali Commission,DC,2021,5580
Office of Director of National Intelligence,Office of Director of National Intelligence,ODNI,2021,20131
National Council on Disability,National Council on Disability,NCD,2021,13252
East-West Foreign Trade Board,East-West Foreign Trade Board,,2021,188
Department of Education,Department of Education,ED,2021,1038232
Election Assistance Commission,Election Assistance Commission,EAC,2021,21509
Emergency Oil and Gas Guaranteed Loan Board,Emergency Oil and Gas Guaranteed Loan Board,,2021,13753
Emergency Steel Guarantee Loan Board,Emergency Steel Guarantee Loan Board,,2021,13531
National Commission for Employment Policy,National Commission for Employment Policy,,2021,3621
Department of Energy,Department of Energy,DOE,2021,1405423
Joint Board for the Enrollment of Actuaries,Joint Board for the Enrollment of Actuaries,JBEA,2021,19553
Environmental Protection Agency,Environmental Protection Agency,EPA,2021,12346208
Equal Employment Opportunity Commission,Equal Employment Opportunity Commission,EEOC,2021,196808
Executive Office of the President,Executive Office of the President,EOP,2021,101869
Export-Import Bank of the United States,Export-Import Bank of the United States,EIB/USEIB,2021,31434
Farm Credit Administration,Farm Credit Administration,FCA,2021,229093
Farm Credit System Insurance Corporation,Farm Credit System Insurance Corporation,FCSIC,2021,23441
Federal Acquisition Regulatory Council,Federal Acquisition Regulatory Council,,2021,600794
Federal Acquisition Security Council,Federal Acquisition Security Council,FASC,2021,0
Federal Communications Commission,Federal Communications Commission,FCC,2021,1436483
Federal Deposit Insurance Corporation,Federal Deposit Insurance Corporation,FDIC,2021,563328
Federal Election Commission,Federal Election Commission,FEC,2021,214451
Federal Financial Institutions Examination Council,Federal Financial Institutions Examination Council,FFIEC,2021,22812
Federal Financing Bank,Federal Financing Bank,,2021,2667
Federal Housing Finance Agency,Federal Housing Finance Agency,FHFA,2021,276865
Federal Labor Relations Authority,Federal Labor Relations Authority,FLRA,2021,213536
Federal Maritime Commission,Federal Maritime Commission,FMC,2021,153123
Federal Mediation and Conciliation Service,Federal Mediation and Conciliation Service,FMCS,2021,67686
Federal Mine Safety and Health Review Commission,Federal Mine Safety and Health Review Commission,MSHFRC,2021,30116
Federal Permitting Improvement Steering Council,Federal Permitting Improvement Steering Council,FPISC,2021,139
Federal Procurement Regulations System,Federal Procurement Regulations System,,2021,0
Federal Property Management Regulations System,Federal Property Management Regulations System,,2021,329122
Administrative Committee of the Federal Register,Administrative Committee of the Federal Register,ACFR,2021,10388
Federal Reserve System,Federal Reserve System,FRS,2021,1347794
Federal Retirement Thrift Investment Board,Federal Retirement Thrift Investment Board,FRTIB,2021,80434
Federal Trade Commission,Federal Trade Commission,FTC,2021,285015
Federal Travel Regulation System,Federal Travel Regulation System,,2021,86089
Financial Stability Oversight Council,Financial Stability Oversight Council,FSOC,2021,30206
Commission of Fine Arts,Commission of Fine Arts,CFA,2021,22541
First Responder Network Authority,First Responder Network Authority,FirstNet,2021,1488
Foreign Service Grievance Board,Foreign Service Grievance Board,FSGB,2021,7329
Foreign Service Impasse Disputes Panel,Foreign Service Impasse Disputes Panel,Disputes Panel,2021,57874
Foreign Service Labor Relations Board,Foreign Service Labor Relations Board,FSLRB,2021,57874
General Services Administration,General Services Administration,GSA,2021,173820
Government Accountability Office,Government Accountability Office,GAO,2021,48045
Office of Government Ethics,Office of Government Ethics,OGE,2021,116032
Gulf Coast Ecosystem Restoration Council,Gulf Coast Ecosystem Restoration Council,Gulf Restoration Council,2021,12102
Harry S. Truman Scholarship Foundation,Harry S. Truman Scholarship Foundation,HST,2021,9561
Department of Health and Human Services,Department of Health and Human Services,HHS,2021,5552547
Department of Homeland Security,Department of Homeland Security,DHS,2021,4152369
Department of Housing and Urban Development,Department of Housing and Urban Development,HUD,2021,1178496
Office of Independent Counsel,Office of Independent Counsel,,2021,13465
United States Institute of Peace,United States Institute of Peace,USIP,2021,3714
Inter-American Foundation,Inter-American Foundation,IAF,2021,27055
Department of Interior,Department of Interior,DOI,2021,4113982
United States Section United States and Mexico International Boundary and Water Commission,United States Section United States and Mexico International Boundary and Water Commission,IBWC,2021,22218
United States International Development Cooperation Agency,United States International Development Cooperation Agency,,2021,9781
United States International Development Finance Corporation,United States International Development Finance Corporation,DFC,2021,24743
Agency for International Development,Agency for International Development,USAID,2021,213732
United States and Canada International Joint Commission,United States and Canada International Joint Commission,IJC,2021,4523
International Organizations Employees Loyalty Board,International Organizations Employees Loyalty Board,,2021,2068
United States International Trade Commission,United States International Trade Commission,ITC,2021,126323
Interstate Commerce Commission,Interstate Commerce Commission,ICC,2021,977
James Madison Memorial Fellowship Foundation,James Madison Memorial Fellowship Foundation,,2021,9992
Japan-United States Friendship Commission,Japan-United States Friendship Commission,JUSFC,2021,3631
Department of Justice,Department of Justice,DOJ,2021,1561832
Department of Labor,Department of Labor,DOL,2021,3187473
Legal Services Corporation,Legal Services Corporation,LSC,2021,66697
National Commission on Libraries and Information Science,National Commission on Libraries and Information Science,NCLIS,2021,9767
Library of Congress,Library of Congress,LOC,2021,197616
Office of Management and Budget,Office of Management and Budget,OMB,2021,348575
Marine Mammal Commission,Marine Mammal Commission,MMC,2021,12333
Merit Systems Protection Board,Merit Systems Protection Board,MSPB,2021,43256
Office for Micronesian Status Negotiations,Office for Micronesian Status Negotiations,,2021,3648
Military Compensation and Retirement Modernization Commission,Military Compensation and Retirement Modernization Commission,Military Compensation and Retirement Modernization Commission,2021,72
National Commission on Military, National, and Public Service,National Commission on Military, National, and Public Service,NCMNPS,2021,9647
Millennium Challenge Corporation,Millennium Challenge Corporation,MCC,2021,13467
Morris K. Udall and Stewart L. Udall Foundation,Morris K. Udall and Stewart L. Udall Foundation,Udall Foundation,2021,8433
National Aeronautics and Space Administration,National Aeronautics and Space Administration,NASA,2021,224054
Corporation for National and Community Service,Corporation for National and Community Service,CORP/CNCS,2021,161693
National Archives and Records Administration,National Archives and Records Administration,NARA,2021,186339
National Capital Planning Commission,National Capital Planning Commission,NCPC,2021,26725
National Counterintelligence Center,National Counterintelligence Center,NCTC,2021,20332
National Credit Union Administration,National Credit Union Administration,NCUA,2021,357782
National Crime Prevention and Privacy Compact Council,National Crime Prevention and Privacy Compact Council,NCPPCC,2021,5654
Office of National Drug Control Policy,Office of National Drug Control Policy,ONDCP,2021,9291
National Foundation on the Arts and the Humanities,National Foundation on the Arts and the Humanities,ARTS,2021,118776
National Labor Relations Board,National Labor Relations Board,NLRB,2021,82923
National Mediation Board,National Mediation Board,NMB,2021,14188
National Railroad Adjustment Board,National Railroad Adjustment Board,,2021,1151
National Railroad Passenger Corporation,National Railroad Passenger Corporation,AMTRAK,2021,9081
National Science Foundation,National Science Foundation,NSF,2021,111926
National Transportation Safety Board,National Transportation Safety Board,NTSB,2021,56345
Office of Navajo and Hopi Indian Relocation,Office of Navajo and Hopi Indian Relocation,ONHIR,2021,50393
Neighborhood Reinvestment Corporation,Neighborhood Reinvestment Corporation,NEIGHBOR,2021,4026
Northeast Interstate Low-Level Radioactive Waste Commission,Northeast Interstate Low-Level Radioactive Waste Commission,,2021,1782
Nuclear Regulatory Commission,Nuclear Regulatory Commission,NRC,2021,844614
Nuclear Waste Technical Review Board,Nuclear Waste Technical Review Board,NWTRB,2021,9211
Occupational Safety and Health Review Commission,Occupational Safety and Health Review Commission,OSHRC,2021,44599
Oklahoma City National Memorial Trust,Oklahoma City National Memorial Trust,,2021,105
Peace Corps,Peace Corps,PC,2021,32923
Pennsylvania Avenue Development Corporation,Pennsylvania Avenue Development Corporation,,2021,36623
Pension Benefit Guaranty Corporation,Pension Benefit Guaranty Corporation,PBGC,2021,184665
Office of Personnel Management,Office of Personnel Management,OPM,2021,784410
Postal Regulatory Commission,Postal Regulatory Commission,PRC,2021,90678
United States Postal Service,United States Postal Service,USPS,2021,205404
Presidio Trust,Presidio Trust,PT,2021,43511
Privacy and Civil Liberties Oversight Board,Privacy and Civil Liberties Oversight Board,PCLOB,2021,10773
Railroad Retirement Board,Railroad Retirement Board,RRB,2021,242371
Securities and Exchange Commission,Securities and Exchange Commission,SEC,2021,1118727
Selective Service System,Selective Service System,SSS,2021,38967
Small Business Administration,Small Business Administration,SBA,2021,446361
Smithsonian Institution,Smithsonian Institution,,2021,2451
Social Security Administration,Social Security Administration,SSA,2021,845103
Office of Special Counsel,Office of Special Counsel,OSC,2021,15351
Department of State,Department of State,DOS,2021,420959
Surface Transportation Board,Surface Transportation Board,STB,2021,189470
Susquehanna River Basin Commission,Susquehanna River Basin Commission,SRBC,2021,25901
Tennessee Valley Authority,Tennessee Valley Authority,TVA,2021,106925
Department of Transportation,Department of Transportation,DOT,2021,4684030
Department of Treasury,Department of Treasury,TREAS,2021,3533455
Office of United States Trade Representative,Office of United States Trade Representative,USTR,2021,31394
Utah Reclamation Mitigation and Conservation Commission,Utah Reclamation Mitigation and Conservation Commission,URMCC,2021,21841
Department of Veterans Affairs,Department of Veterans Affairs,VA,2021,898633
Office of Vice President of the United States,Office of Vice President of the United States,,2021,3059
Water Resources Council,Water Resources Council,,2021,29029
President's Commission on White House Fellowships,President's Commission on White House Fellowships,,2021,1459
Administrative Conference of the United States,Administrative Conference of the United States,ACUS,2022,12437
Advisory Council on Historic Preservation,Advisory Council on Historic Preservation,ACHP,2022,30978
Special Inspector General for Afghanistan Reconstruction,Special Inspector General for Afghanistan Reconstruction,SIGAR,2022,10989
African Development Foundation,African Development Foundation,USADF,2022,33066
United States Agency for Global Media,United States Agency for Global Media,USAGM,2022,81145
Department of Agriculture,Department of Agriculture,USDA,2022,6342657
Air Transportation System Stabilization,Air Transportation System Stabilization,ATSB,2022,6310
American Battle Monuments Commission,American Battle Monuments Commission,ABMC,2022,12562
Appalachian Regional Commission,Appalachian Regional Commission,ARC,2022,89
Architectural and Transportation Barriers Compliance Board,Architectural and Transportation Barriers Compliance Board,ATBCB,2022,135148
Arctic Research Commission,Arctic Research Commission,ARCTIC,2022,3671
Armed Forces Retirement Home,Armed Forces Retirement Home,AFRH,2022,6888
Committee for Purchase From People Who Are Blind or Severely Disabled,Committee for Purchase From People Who Are Blind or Severely Disabled,CPPBSD,2022,32616
Central Intelligence Agency,Central Intelligence Agency,CIA,2022,13249
Chemical Safety and Hazard Investigation Board,Chemical Safety and Hazard Investigation Board,CSB,2022,25026
Commission on Civil Rights,Commission on Civil Rights,CRC,2022,25139
Department of Commerce,Department of Commerce,DOC,2022,1582327
Commodity Futures Trading Commission,Commodity Futures Trading Commission,CFTC,2022,671370
Construction Industry Collective Bargaining Commission,Construction Industry Collective Bargaining Commission,,2022,743
Consumer Financial Protection Bureau,Consumer Financial Protection Bureau,CFPB,2022,1152553
Consumer Product Safety Commission,Consumer Product Safety Commission,CPSC,2022,470414
Council of the Inspectors General on Integrity and Efficiency,Council of the Inspectors General on Integrity and Efficiency,CIGIE,2022,14415
Court Services and Offender Supervision Agency for the District of Columbia,Court Services and Offender Supervision Agency for the District of Columbia,CSOSA,2022,26897
Defense Nuclear Facilities Safety Board,Defense Nuclear Facilities Safety Board,DNFSB,2022,20099
Department of Defense,Department of Defense,DOD,2022,3175118
Delaware River Basin Commission,Delaware River Basin Commission,DRBC,2022,21844
Denali Commission,Denali Commission,DC,2022,5580
Office of Director of National Intelligence,Office of Director of National Intelligence,ODNI,2022,20131
National Council on Disability,National Council on Disability,NCD,2022,13252
East-West Foreign Trade Board,East-West Foreign Trade Board,,2022,188
Department of Education,Department of Education,ED,2022,1028765
Election Assistance Commission,Election Assistance Commission,EAC,2022,21509
Emergency Oil and Gas Guaranteed Loan Board,Emergency Oil and Gas Guaranteed Loan Board,,2022,13753
Emergency Steel Guarantee Loan Board,Emergency Steel Guarantee Loan Board,,2022,13531
National Commission for Employment Policy,National Commission for Employment Policy,,2022,3621
Department of Energy,Department of Energy,DOE,2022,1405884
Joint Board for the Enrollment of Actuaries,Joint Board for the Enrollment of Actuaries,JBEA,2022,19553
Environmental Protection Agency,Environmental Protection Agency,EPA,2022,12347032
Equal Employment Opportunity Commission,Equal Employment Opportunity Commission,EEOC,2022,197640
Executive Office of the President,Executive Office of the President,EOP,2022,101869
Export-Import Bank of the United States,Export-Import Bank of the United States,EIB/USEIB,2022,31434
Farm Credit Administration,Farm Credit Administration,FCA,2022,225955
Farm Credit System Insurance Corporation,Farm Credit System Insurance Corporation,FCSIC,2022,23441
Federal Acquisition Regulatory Council,Federal Acquisition Regulatory Council,,2022,601976
Federal Acquisition Security Council,Federal Acquisition Security Council,FASC,2022,5667
Federal Communications Commission,Federal Communications Commission,FCC,2022,1489852
Federal Deposit Insurance Corporation,Federal Deposit Insurance Corporation,FDIC,2022,567072
Federal Election Commission,Federal Election Commission,FEC,2022,214434
Federal Financial Institutions Examination Council,Federal Financial Institutions Examination Council,FFIEC,2022,22812
Federal Financing Bank,Federal Financing Bank,,2022,2667
Federal Housing Finance Agency,Federal Housing Finance Agency,FHFA,2022,325756
Federal Labor Relations Authority,Federal Labor Relations Authority,FLRA,2022,213536
Federal Maritime Commission,Federal Maritime Commission,FMC,2022,150000
Federal Mediation and Conciliation Service,Federal Mediation and Conciliation Service,FMCS,2022,68190
Federal Mine Safety and Health Review Commission,Federal Mine Safety and Health Review Commission,MSHFRC,2022,30127
Federal Permitting Improvement Steering Council,Federal Permitting Improvement Steering Council,FPISC,2022,139
Federal Procurement Regulations System,Federal Procurement Regulations System,,2022,0
Federal Property Management Regulations System,Federal Property Management Regulations System,,2022,326816
Administrative Committee of the Federal Register,Administrative Committee of the Federal Register,ACFR,2022,10388
Federal Reserve System,Federal Reserve System,FRS,2022,1367267
Federal Retirement Thrift Investment Board,Federal Retirement Thrift Investment Board,FRTIB,2022,80469
Federal Trade Commission,Federal Trade Commission,FTC,2022,290411
Federal Travel Regulation System,Federal Travel Regulation System,,2022,86745
Financial Stability Oversight Council,Financial Stability Oversight Council,FSOC,2022,30206
Commission of Fine Arts,Commission of Fine Arts,CFA,2022,22541
First Responder Network Authority,First Responder Network Authority,FirstNet,2022,1488
Foreign Service Grievance Board,Foreign Service Grievance Board,FSGB,2022,7329
Foreign Service Impasse Disputes Panel,Foreign Service Impasse Disputes Panel,Disputes Panel,2022,57874
Foreign Service Labor Relations Board,Foreign Service Labor Relations Board,FSLRB,2022,57874
General Services Administration,General Services Administration,GSA,2022,173812
Government Accountability Office,Government Accountability Office,GAO,2022,48045
Office of Government Ethics,Office of Government Ethics,OGE,2022,113879
Gulf Coast Ecosystem Restoration Council,Gulf Coast Ecosystem Restoration Council,Gulf Restoration Council,2022,12107
Harry S. Truman Scholarship Foundation,Harry S. Truman Scholarship Foundation,HST,2022,9561
Department of Health and Human Services,Department of Health and Human Services,HHS,2022,5671984
Department of Homeland Security,Department of Homeland Security,DHS,2022,4180876
Department of Housing and Urban Development,Department of Housing and Urban Development,HUD,2022,1183891
Office of Independent Counsel,Office of Independent Counsel,,2022,13465
United States Institute of Peace,United States Institute of Peace,USIP,2022,3714
Inter-American Foundation,Inter-American Foundation,IAF,2022,27055
Department of Interior,Department of Interior,DOI,2022,4155111
United States Section United States and Mexico International Boundary and Water Commission,United States Section United States and Mexico International Boundary and Water Commission,IBWC,2022,22218
United States International Development Cooperation Agency,United States International Development Cooperation Agency,,2022,9781
United States International Development Finance Corporation,United States International Development Finance Corporation,DFC,2022,24743
Agency for International Development,Agency for International Development,USAID,2022,212644
United States and Canada International Joint Commission,United States and Canada International Joint Commission,IJC,2022,4523
International Organizations Employees Loyalty Board,International Organizations Employees Loyalty Board,,2022,2068
United States International Trade Commission,United States International Trade Commission,ITC,2022,126323
Interstate Commerce Commission,Interstate Commerce Commission,ICC,2022,977
James Madison Memorial Fellowship Foundation,James Madison Memorial Fellowship Foundation,,2022,9992
Japan-United States Friendship Commission,Japan-United States Friendship Commission,JUSFC,2022,3631
Department of Justice,Department of Justice,DOJ,2022,1564953
Department of Labor,Department of Labor,DOL,2022,3378686
Legal Services Corporation,Legal Services Corporation,LSC,2022,67084
National Commission on Libraries and Information Science,National Commission on Libraries and Information Science,NCLIS,2022,9767
Library of Congress,Library of Congress,LOC,2022,211949
Office of Management and Budget,Office of Management and Budget,OMB,2022,342014
Marine Mammal Commission,Marine Mammal Commission,MMC,2022,12333
Merit Systems Protection Board,Merit Systems Protection Board,MSPB,2022,43256
Office for Micronesian Status Negotiations,Office for Micronesian Status Negotiations,,2022,3648
Military Compensation and Retirement Modernization Commission,Military Compensation and Retirement Modernization Commission,Military Compensation and Retirement Modernization Commission,2022,72
National Commission on Military, National, and Public Service,National Commission on Military, National, and Public Service,NCMNPS,2022,9647
Millennium Challenge Corporation,Millennium Challenge Corporation,MCC,2022,13467
Morris K. Udall and Stewart L. Udall Foundation,Morris K. Udall and Stewart L. Udall Foundation,Udall Foundation,2022,8433
National Aeronautics and Space Administration,National Aeronautics and Space Administration,NASA,2022,220568
Corporation for National and Community Service,Corporation for National and Community Service,CORP/CNCS,2022,161176
National Archives and Records Administration,National Archives and Records Administration,NARA,2022,186339
National Capital Planning Commission,National Capital Planning Commission,NCPC,2022,26725
National Counterintelligence Center,National Counterintelligence Center,NCTC,2022,20332
National Credit Union Administration,National Credit Union Administration,NCUA,2022,374003
National Crime Prevention and Privacy Compact Council,National Crime Prevention and Privacy Compact Council,NCPPCC,2022,5654
Office of National Drug Control Policy,Office of National Drug Control Policy,ONDCP,2022,9291
National Foundation on the Arts and the Humanities,National Foundation on the Arts and the Humanities,ARTS,2022,122919
National Labor Relations Board,National Labor Relations Board,NLRB,2022,82915
National Mediation Board,National Mediation Board,NMB,2022,14188
National Railroad Adjustment Board,National Railroad Adjustment Board,,2022,1151
National Railroad Passenger Corporation,National Railroad Passenger Corporation,AMTRAK,2022,9081
National Science Foundation,National Science Foundation,NSF,2022,112288
National Transportation Safety Board,National Transportation Safety Board,NTSB,2022,56279
Office of Navajo and Hopi Indian Relocation,Office of Navajo and Hopi Indian Relocation,ONHIR,2022,50393
Neighborhood Reinvestment Corporation,Neighborhood Reinvestment Corporation,NEIGHBOR,2022,4026
Northeast Interstate Low-Level Radioactive Waste Commission,Northeast Interstate Low-Level Radioactive Waste Commission,,2022,1782
Nuclear Regulatory Commission,Nuclear Regulatory Commission,NRC,2022,844176
Nuclear Waste Technical Review Board,Nuclear Waste Technical Review Board,NWTRB,2022,9211
Occupational Safety and Health Review Commission,Occupational Safety and Health Review Commission,OSHRC,2022,43937
Oklahoma City National Memorial Trust,Oklahoma City National Memorial Trust,,2022,105
Peace Corps,Peace Corps,PC,2022,35561
Pennsylvania Avenue Development Corporation,Pennsylvania Avenue Development Corporation,,2022,36623
Pension Benefit Guaranty Corporation,Pension Benefit Guaranty Corporation,PBGC,2022,199927
Office of Personnel Management,Office of Personnel Management,OPM,2022,795131
Postal Regulatory Commission,Postal Regulatory Commission,PRC,2022,90747
United States Postal Service,United States Postal Service,USPS,2022,204026
Presidio Trust,Presidio Trust,PT,2022,43511
Privacy and Civil Liberties Oversight Board,Privacy and Civil Liberties Oversight Board,PCLOB,2022,10773
Railroad Retirement Board,Railroad Retirement Board,RRB,2022,242312
Securities and Exchange Commission,Securities and Exchange Commission,SEC,2022,1132299
Selective Service System,Selective Service System,SSS,2022,38967
Small Business Administration,Small Business Administration,SBA,2022,442749
Smithsonian Institution,Smithsonian Institution,,2022,2451
Social Security Administration,Social Security Administration,SSA,2022,853231
Office of Special Counsel,Office of Special Counsel,OSC,2022,15885
Department of State,Department of State,DOS,2022,420074
Surface Transportation Board,Surface Transportation Board,STB,2022,190288
Susquehanna River Basin Commission,Susquehanna River Basin Commission,SRBC,2022,26106
Tennessee Valley Authority,Tennessee Valley Authority,TVA,2022,106667
Department of Transportation,Department of Transportation,DOT,2022,4732305
Department of Treasury,Department of Treasury,TREAS,2022,3569025
Office of United States Trade Representative,Office of United States Trade Representative,USTR,2022,31394
Utah Reclamation Mitigation and Conservation Commission,Utah Reclamation Mitigation and Conservation Commission,URMCC,2022,21841
Department of Veterans Affairs,Department of Veterans Affairs,VA,2022,914902
Office of Vice President of the United States,Office of Vice President of the United States,,2022,3059
Water Resources Council,Water Resources Council,,2022,29029
President's Commission on White House Fellowships,President's Commission on White House Fellowships,,2022,1459
Administrative Conference of the United States,Administrative Conference of the United States,ACUS,2023,12427
Advisory Council on Historic Preservation,Advisory Council on Historic Preservation,ACHP,2023,30978
Special Inspector General for Afghanistan Reconstruction,Special Inspector General for Afghanistan Reconstruction,SIGAR,2023,10989
African Development Foundation,African Development Foundation,USADF,2023,33066
United States Agency for Global Media,United States Agency for Global Media,USAGM,2023,81145
Department of Agriculture,Department of Agriculture,USDA,2023,6370710
Air Transportation System Stabilization,Air Transportation System Stabilization,ATSB,2023,6310
American Battle Monuments Commission,American Battle Monuments Commission,ABMC,2023,12562
Appalachian Regional Commission,Appalachian Regional Commission,ARC,2023,89
Architectural and Transportation Barriers Compliance Board,Architectural and Transportation Barriers Compliance Board,ATBCB,2023,135989
Arctic Research Commission,Arctic Research Commission,ARCTIC,2023,3671
Armed Forces Retirement Home,Armed Forces Retirement Home,AFRH,2023,6888
Committee for Purchase From People Who Are Blind or Severely Disabled,Committee for Purchase From People Who Are Blind or Severely Disabled,CPPBSD,2023,32735
Central Intelligence Agency,Central Intelligence Agency,CIA,2023,13249
Chemical Safety and Hazard Investigation Board,Chemical Safety and Hazard Investigation Board,CSB,2023,25026
Commission on Civil Rights,Commission on Civil Rights,CRC,2023,25138
Department of Commerce,Department of Commerce,DOC,2023,1617165
Commodity Futures Trading Commission,Commodity Futures Trading Commission,CFTC,2023,671369
Construction Industry Collective Bargaining Commission,Construction Industry Collective Bargaining Commission,,2023,743
Consumer Financial Protection Bureau,Consumer Financial Protection Bureau,CFPB,2023,1165198
Consumer Product Safety Commission,Consumer Product Safety Commission,CPSC,2023,479173
Council of the Inspectors General on Integrity and Efficiency,Council of the Inspectors General on Integrity and Efficiency,CIGIE,2023,14415
Court Services and Offender Supervision Agency for the District of Columbia,Court Services and Offender Supervision Agency for the District of Columbia,CSOSA,2023,30543
Defense Nuclear Facilities Safety Board,Defense Nuclear Facilities Safety Board,DNFSB,2023,20114
Department of Defense,Department of Defense,DOD,2023,3187952
Delaware River Basin Commission,Delaware River Basin Commission,DRBC,2023,21846
Denali Commission,Denali Commission,DC,2023,5580
Office of Director of National Intelligence,Office of Director of National Intelligence,ODNI,2023,20131
National Council on Disability,National Council on Disability,NCD,2023,13252
East-West Foreign Trade Board,East-West Foreign Trade Board,,2023,188
Department of Education,Department of Education,ED,2023,1029540
Election Assistance Commission,Election Assistance Commission,EAC,2023,21509
Emergency Oil and Gas Guaranteed Loan Board,Emergency Oil and Gas Guaranteed Loan Board,,2023,13753
Emergency Steel Guarantee Loan Board,Emergency Steel Guarantee Loan Board,,2023,13531
National Commission for Employment Policy,National Commission for Employment Policy,,2023,3619
Department of Energy,Department of Energy,DOE,2023,1442574
Joint Board for the Enrollment of Actuaries,Joint Board for the Enrollment of Actuaries,JBEA,2023,19553
Environmental Protection Agency,Environmental Protection Agency,EPA,2023,12347028
Equal Employment Opportunity Commission,Equal Employment Opportunity Commission,EEOC,2023,197668
Executive Office of the President,Executive Office of the President,EOP,2023,101869
Export-Import Bank of the United States,Export-Import Bank of the United States,EIB/USEIB,2023,36467
Farm Credit Administration,Farm Credit Administration,FCA,2023,226870
Farm Credit System Insurance Corporation,Farm Credit System Insurance Corporation,FCSIC,2023,23441
Federal Acquisition Regulatory Council,Federal Acquisition Regulatory Council,,2023,606636
Federal Acquisition Security Council,Federal Acquisition Security Council,FASC,2023,5667
Federal Communications Commission,Federal Communications Commission,FCC,2023,1516180
Federal Deposit Insurance Corporation,Federal Deposit Insurance Corporation,FDIC,2023,566198
Federal Election Commission,Federal Election Commission,FEC,2023,213769
Federal Financial Institutions Examination Council,Federal Financial Institutions Examination Council,FFIEC,2023,23935
Federal Financing Bank,Federal Financing Bank,,2023,2667
Federal Housing Finance Agency,Federal Housing Finance Agency,FHFA,2023,330871
Federal Labor Relations Authority,Federal Labor Relations Authority,FLRA,2023,213536
Federal Maritime Commission,Federal Maritime Commission,FMC,2023,150451
Federal Mediation and Conciliation Service,Federal Mediation and Conciliation Service,FMCS,2023,66836
Federal Mine Safety and Health Review Commission,Federal Mine Safety and Health Review Commission,MSHFRC,2023,31856
Federal Permitting Improvement Steering Council,Federal Permitting Improvement Steering Council,FPISC,2023,139
Federal Procurement Regulations System,Federal Procurement Regulations System,,2023,0
Federal Property Management Regulations System,Federal Property Management Regulations System,,2023,327014
Administrative Committee of the Federal Register,Administrative Committee of the Federal Register,ACFR,2023,9766
Federal Reserve System,Federal Reserve System,FRS,2023,1396277
Federal Retirement Thrift Investment Board,Federal Retirement Thrift Investment Board,FRTIB,2023,80916
Federal Trade Commission,Federal Trade Commission,FTC,2023,295357
Federal Travel Regulation System,Federal Travel Regulation System,,2023,89081
Financial Stability Oversight Council,Financial Stability Oversight Council,FSOC,2023,30206
Commission of Fine Arts,Commission of Fine Arts,CFA,2023,22541
First Responder Network Authority,First Responder Network Authority,FirstNet,2023,1488
Foreign Service Grievance Board,Foreign Service Grievance Board,FSGB,2023,7329
Foreign Service Impasse Disputes Panel,Foreign Service Impasse Disputes Panel,Disputes Panel,2023,57874
Foreign Service Labor Relations Board,Foreign Service Labor Relations Board,FSLRB,2023,57874
General Services Administration,General Services Administration,GSA,2023,173956
Government Accountability Office,Government Accountability Office,GAO,2023,48045
Office of Government Ethics,Office of Government Ethics,OGE,2023,113857
Gulf Coast Ecosystem Restoration Council,Gulf Coast Ecosystem Restoration Council,Gulf Restoration Council,2023,12107
Harry S. Truman Scholarship Foundation,Harry S. Truman Scholarship Foundation,HST,2023,9561
Department of Health and Human Services,Department of Health and Human Services,HHS,2023,5785476
Department of Homeland Security,Department of Homeland Security,DHS,2023,4251114
Department of Housing and Urban Development,Department of Housing and Urban Development,HUD,2023,1187239
Office of Independent Counsel,Office of Independent Counsel,,2023,13465
United States Institute of Peace,United States Institute of Peace,USIP,2023,3714
Inter-American Foundation,Inter-American Foundation,IAF,2023,27055
Department of Interior,Department of Interior,DOI,2023,4178266
United States Section United States and Mexico International Boundary and Water Commission,United States Section United States and Mexico International Boundary and Water Commission,IBWC,2023,22218
United States International Development Cooperation Agency,United States International Development Cooperation Agency,,2023,9781
United States International Development Finance Corporation,United States International Development Finance Corporation,DFC,2023,24743
Agency for International Development,Agency for International Development,USAID,2023,213378
United States and Canada International Joint Commission,United States and Canada International Joint Commission,IJC,2023,4523
International Organizations Employees Loyalty Board,International Organizations Employees Loyalty Board,,2023,2068
United States International Trade Commission,United States International Trade Commission,ITC,2023,126323
Interstate Commerce Commission,Interstate Commerce Commission,ICC,2023,977
James Madison Memorial Fellowship Foundation,James Madison Memorial Fellowship Foundation,,2023,9992
Japan-United States Friendship Commission,Japan-United States Friendship Commission,JUSFC,2023,3631
Department of Justice,Department of Justice,DOJ,2023,1580319
Department of Labor,Department of Labor,DOL,2023,3399882
Legal Services Corporation,Legal Services Corporation,LSC,2023,67082
National Commission on Libraries and Information Science,National Commission on Libraries and Information Science,NCLIS,2023,9767
Library of Congress,Library of Congress,LOC,2023,245890
Office of Management and Budget,Office of Management and Budget,OMB,2023,342014
Marine Mammal Commission,Marine Mammal Commission,MMC,2023,12333
Merit Systems Protection Board,Merit Systems Protection Board,MSPB,2023,43256
Office for Micronesian Status Negotiations,Office for Micronesian Status Negotiations,,2023,3648
Military Compensation and Retirement Modernization Commission,Military Compensation and Retirement Modernization Commission,Military Compensation and Retirement Modernization Commission,2023,72
National Commission on Military, National, and Public Service,National Commission on Military, National, and Public Service,NCMNPS,2023,9641
Millennium Challenge Corporation,Millennium Challenge Corporation,MCC,2023,13467
Morris K. Udall and Stewart L. Udall Foundation,Morris K. Udall and Stewart L. Udall Foundation,Udall Foundation,2023,8433
National Aeronautics and Space Administration,National Aeronautics and Space Administration,NASA,2023,220704
Corporation for National and Community Service,Corporation for National and Community Service,CORP/CNCS,2023,163658
National Archives and Records Administration,National Archives and Records Administration,NARA,2023,186392
National Capital Planning Commission,National Capital Planning Commission,NCPC,2023,26701
National Counterintelligence Center,National Counterintelligence Center,NCTC,2023,20332
National Credit Union Administration,National Credit Union Administration,NCUA,2023,372261
National Crime Prevention and Privacy Compact Council,National Crime Prevention and Privacy Compact Council,NCPPCC,2023,5654
Office of National Drug Control Policy,Office of National Drug Control Policy,ONDCP,2023,9291
National Foundation on the Arts and the Humanities,National Foundation on the Arts and the Humanities,ARTS,2023,132976
National Labor Relations Board,National Labor Relations Board,NLRB,2023,82915
National Mediation Board,National Mediation Board,NMB,2023,14188
National Railroad Adjustment Board,National Railroad Adjustment Board,,2023,1151
National Railroad Passenger Corporation,National Railroad Passenger Corporation,AMTRAK,2023,9081
National Science Foundation,National Science Foundation,NSF,2023,112562
National Transportation Safety Board,National Transportation Safety Board,NTSB,2023,56280
Office of Navajo and Hopi Indian Relocation,Office of Navajo and Hopi Indian Relocation,ONHIR,2023,50393
Neighborhood Reinvestment Corporation,Neighborhood Reinvestment Corporation,NEIGHBOR,2023,4026
Northeast Interstate Low-Level Radioactive Waste Commission,Northeast Interstate Low-Level Radioactive Waste Commission,,2023,1782
Nuclear Regulatory Commission,Nuclear Regulatory Commission,NRC,2023,845124
Nuclear Waste Technical Review Board,Nuclear Waste Technical Review Board,NWTRB,2023,9211
Occupational Safety and Health Review Commission,Occupational Safety and Health Review Commission,OSHRC,2023,44279
Oklahoma City National Memorial Trust,Oklahoma City National Memorial Trust,,2023,105
Peace Corps,Peace Corps,PC,2023,35561
Pennsylvania Avenue Development Corporation,Pennsylvania Avenue Development Corporation,,2023,36623
Pension Benefit Guaranty Corporation,Pension Benefit Guaranty Corporation,PBGC,2023,209647
Office of Personnel Management,Office of Personnel Management,OPM,2023,790923
Postal Regulatory Commission,Postal Regulatory Commission,PRC,2023,91158
United States Postal Service,United States Postal Service,USPS,2023,204265
Presidio Trust,Presidio Trust,PT,2023,43511
Privacy and Civil Liberties Oversight Board,Privacy and Civil Liberties Oversight Board,PCLOB,2023,10773
Railroad Retirement Board,Railroad Retirement Board,RRB,2023,242446
Securities and Exchange Commission,Securities and Exchange Commission,SEC,2023,1142005
Selective Service System,Selective Service System,SSS,2023,38967
Small Business Administration,Small Business Administration,SBA,2023,445782
Smithsonian Institution,Smithsonian Institution,,2023,2451
Social Security Administration,Social Security Administration,SSA,2023,853484
Office of Special Counsel,Office of Special Counsel,OSC,2023,15402
Department of State,Department of State,DOS,2023,423001
Surface Transportation Board,Surface Transportation Board,STB,2023,197878
Susquehanna River Basin Commission,Susquehanna River Basin Commission,SRBC,2023,26100
Tennessee Valley Authority,Tennessee Valley Authority,TVA,2023,106667
Department of Transportation,Department of Transportation,DOT,2023,4783018
Department of Treasury,Department of Treasury,TREAS,2023,3677426
Office of United States Trade Representative,Office of United States Trade Representative,USTR,2023,31394
Utah Reclamation Mitigation and Conservation Commission,Utah Reclamation Mitigation and Conservation Commission,URMCC,2023,21841
Department of Veterans Affairs,Department of Veterans Affairs,VA,2023,937207
Office of Vice President of the United States,Office of Vice President of the United States,,2023,3059
Water Resources Council,Water Resources Council,,2023,29029
President's Commission on White House Fellowships,President's Commission on White House Fellowships,,2023,1457
Administrative Conference of the United States,Administrative Conference of the United States,ACUS,2024,12427
Advisory Council on Historic Preservation,Advisory Council on Historic Preservation,ACHP,2024,30958
Special Inspector General for Afghanistan Reconstruction,Special Inspector General for Afghanistan Reconstruction,SIGAR,2024,10977
African Development Foundation,African Development Foundation,USADF,2024,32986
United States Agency for Global Media,United States Agency for Global Media,USAGM,2024,80997
Department of Agriculture,Department of Agriculture,USDA,2024,6414483
Air Transportation System Stabilization,Air Transportation System Stabilization,ATSB,2024,6294
American Battle Monuments Commission,American Battle Monuments Commission,ABMC,2024,12550
Appalachian Regional Commission,Appalachian Regional Commission,ARC,2024,85
Architectural and Transportation Barriers Compliance Board,Architectural and Transportation Barriers Compliance Board,ATBCB,2024,150932
Arctic Research Commission,Arctic Research Commission,ARCTIC,2024,3667
Armed Forces Retirement Home,Armed Forces Retirement Home,AFRH,2024,6880
Committee for Purchase From People Who Are Blind or Severely Disabled,Committee for Purchase From People Who Are Blind or Severely Disabled,CPPBSD,2024,32695
Central Intelligence Agency,Central Intelligence Agency,CIA,2024,13467
Chemical Safety and Hazard Investigation Board,Chemical Safety and Hazard Investigation Board,CSB,2024,25026
Commission on Civil Rights,Commission on Civil Rights,CRC,2024,25108
Department of Commerce,Department of Commerce,DOC,2024,1672035
Commodity Futures Trading Commission,Commodity Futures Trading Commission,CFTC,2024,675447
Construction Industry Collective Bargaining Commission,Construction Industry Collective Bargaining Commission,,2024,739
Consumer Financial Protection Bureau,Consumer Financial Protection Bureau,CFPB,2024,1212595
Consumer Product Safety Commission,Consumer Product Safety Commission,CPSC,2024,489960
Council of the Inspectors General on Integrity and Efficiency,Council of the Inspectors General on Integrity and Efficiency,CIGIE,2024,14401
Court Services and Offender Supervision Agency for the District of Columbia,Court Services and Offender Supervision Agency for the District of Columbia,CSOSA,2024,30507
Defense Nuclear Facilities Safety Board,Defense Nuclear Facilities Safety Board,DNFSB,2024,24576
Department of Defense,Department of Defense,DOD,2024,3195097
Delaware River Basin Commission,Delaware River Basin Commission,DRBC,2024,22145
Denali Commission,Denali Commission,DC,2024,5568
Office of Director of National Intelligence,Office of Director of National Intelligence,ODNI,2024,20987
National Council on Disability,National Council on Disability,NCD,2024,13240
East-West Foreign Trade Board,East-West Foreign Trade Board,,2024,184
Department of Education,Department of Education,ED,2024,1045483
Election Assistance Commission,Election Assistance Commission,EAC,2024,21471
Emergency Oil and Gas Guaranteed Loan Board,Emergency Oil and Gas Guaranteed Loan Board,,2024,13743
Emergency Steel Guarantee Loan Board,Emergency Steel Guarantee Loan Board,,2024,13521
National Commission for Employment Policy,National Commission for Employment Policy,,2024,3619
Department of Energy,Department of Energy,DOE,2024,1461982
Joint Board for the Enrollment of Actuaries,Joint Board for the Enrollment of Actuaries,JBEA,2024,19531
Environmental Protection Agency,Environmental Protection Agency,EPA,2024,12346728
Equal Employment Opportunity Commission,Equal Employment Opportunity Commission,EEOC,2024,198047
Executive Office of the President,Executive Office of the President,EOP,2024,111245
Export-Import Bank of the United States,Export-Import Bank of the United States,EIB/USEIB,2024,36409
Farm Credit Administration,Farm Credit Administration,FCA,2024,226293
Farm Credit System Insurance Corporation,Farm Credit System Insurance Corporation,FCSIC,2024,23405
Federal Acquisition Regulatory Council,Federal Acquisition Regulatory Council,,2024,610544
Federal Acquisition Security Council,Federal Acquisition Security Council,FASC,2024,5657
Federal Communications Commission,Federal Communications Commission,FCC,2024,1611901
Federal Deposit Insurance Corporation,Federal Deposit Insurance Corporation,FDIC,2024,565885
Federal Election Commission,Federal Election Commission,FEC,2024,215398
Federal Financial Institutions Examination Council,Federal Financial Institutions Examination Council,FFIEC,2024,23919
Federal Financing Bank,Federal Financing Bank,,2024,2661
Federal Housing Finance Agency,Federal Housing Finance Agency,FHFA,2024,333450
Federal Labor Relations Authority,Federal Labor Relations Authority,FLRA,2024,214554
Federal Maritime Commission,Federal Maritime Commission,FMC,2024,150662
Federal Mediation and Conciliation Service,Federal Mediation and Conciliation Service,FMCS,2024,68445
Federal Mine Safety and Health Review Commission,Federal Mine Safety and Health Review Commission,MSHFRC,2024,31812
Federal Permitting Improvement Steering Council,Federal Permitting Improvement Steering Council,FPISC,2024,139
Federal Procurement Regulations System,Federal Procurement Regulations System,,2024,0
Federal Property Management Regulations System,Federal Property Management Regulations System,,2024,326728
Administrative Committee of the Federal Register,Administrative Committee of the Federal Register,ACFR,2024,9766
Federal Reserve System,Federal Reserve System,FRS,2024,1440426
Federal Retirement Thrift Investment Board,Federal Retirement Thrift Investment Board,FRTIB,2024,80762
Federal Trade Commission,Federal Trade Commission,FTC,2024,307259
Federal Travel Regulation System,Federal Travel Regulation System,,2024,88735
Financial Stability Oversight Council,Financial Stability Oversight Council,FSOC,2024,21812
Commission of Fine Arts,Commission of Fine Arts,CFA,2024,22501
First Responder Network Authority,First Responder Network Authority,FirstNet,2024,1482
Foreign Service Grievance Board,Foreign Service Grievance Board,FSGB,2024,7301
Foreign Service Impasse Disputes Panel,Foreign Service Impasse Disputes Panel,Disputes Panel,2024,57786
Foreign Service Labor Relations Board,Foreign Service Labor Relations Board,FSLRB,2024,57786
General Services Administration,General Services Administration,GSA,2024,173799
Government Accountability Office,Government Accountability Office,GAO,2024,48045
Office of Government Ethics,Office of Government Ethics,OGE,2024,120541
Gulf Coast Ecosystem Restoration Council,Gulf Coast Ecosystem Restoration Council,Gulf Restoration Council,2024,12103
Harry S. Truman Scholarship Foundation,Harry S. Truman Scholarship Foundation,HST,2024,9537
Department of Health and Human Services,Department of Health and Human Services,HHS,2024,5828705
Department of Homeland Security,Department of Homeland Security,DHS,2024,4277654
Department of Housing and Urban Development,Department of Housing and Urban Development,HUD,2024,1188893
Office of Independent Counsel,Office of Independent Counsel,,2024,13455
United States Institute of Peace,United States Institute of Peace,USIP,2024,3710
Inter-American Foundation,Inter-American Foundation,IAF,2024,26999
Department of Interior,Department of Interior,DOI,2024,4287824
United States Section United States and Mexico International Boundary and Water Commission,United States Section United States and Mexico International Boundary and Water Commission,IBWC,2024,22206
United States International Development Cooperation Agency,United States International Development Cooperation Agency,,2024,9765
United States International Development Finance Corporation,United States International Development Finance Corporation,DFC,2024,24695
Agency for International Development,Agency for International Development,USAID,2024,214596
United States and Canada International Joint Commission,United States and Canada International Joint Commission,IJC,2024,4513
International Organizations Employees Loyalty Board,International Organizations Employees Loyalty Board,,2024,2064
United States International Trade Commission,United States International Trade Commission,ITC,2024,125985
Interstate Commerce Commission,Interstate Commerce Commission,ICC,2024,973
James Madison Memorial Fellowship Foundation,James Madison Memorial Fellowship Foundation,,2024,9972
Japan-United States Friendship Commission,Japan-United States Friendship Commission,JUSFC,2024,3627
Department of Justice,Department of Justice,DOJ,2024,1588343
Department of Labor,Department of Labor,DOL,2024,3405382
Legal Services Corporation,Legal Services Corporation,LSC,2024,66966
National Commission on Libraries and Information Science,National Commission on Libraries and Information Science,NCLIS,2024,9743
Library of Congress,Library of Congress,LOC,2024,257346
Office of Management and Budget,Office of Management and Budget,OMB,2024,344615
Marine Mammal Commission,Marine Mammal Commission,MMC,2024,12317
Merit Systems Protection Board,Merit Systems Protection Board,MSPB,2024,43132
Office for Micronesian Status Negotiations,Office for Micronesian Status Negotiations,,2024,3632
Military Compensation and Retirement Modernization Commission,Military Compensation and Retirement Modernization Commission,Military Compensation and Retirement Modernization Commission,2024,68
National Commission on Military, National, and Public Service,National Commission on Military, National, and Public Service,NCMNPS,2024,9641
Millennium Challenge Corporation,Millennium Challenge Corporation,MCC,2024,13451
Morris K. Udall and Stewart L. Udall Foundation,Morris K. Udall and Stewart L. Udall Foundation,Udall Foundation,2024,8425
National Aeronautics and Space Administration,National Aeronautics and Space Administration,NASA,2024,221164
Corporation for National and Community Service,Corporation for National and Community Service,CORP/CNCS,2024,162852
National Archives and Records Administration,National Archives and Records Administration,NARA,2024,195277
National Capital Planning Commission,National Capital Planning Commission,NCPC,2024,26701
National Counterintelligence Center,National Counterintelligence Center,NCTC,2024,20268
National Credit Union Administration,National Credit Union Administration,NCUA,2024,375015
National Crime Prevention and Privacy Compact Council,National Crime Prevention and Privacy Compact Council,NCPPCC,2024,5640
Office of National Drug Control Policy,Office of National Drug Control Policy,ONDCP,2024,9277
National Foundation on the Arts and the Humanities,National Foundation on the Arts and the Humanities,ARTS,2024,130499
National Labor Relations Board,National Labor Relations Board,NLRB,2024,82496
National Mediation Board,National Mediation Board,NMB,2024,14164
National Railroad Adjustment Board,National Railroad Adjustment Board,,2024,1147
National Railroad Passenger Corporation,National Railroad Passenger Corporation,AMTRAK,2024,9075
National Science Foundation,National Science Foundation,NSF,2024,114515
National Transportation Safety Board,National Transportation Safety Board,NTSB,2024,56219
Office of Navajo and Hopi Indian Relocation,Office of Navajo and Hopi Indian Relocation,ONHIR,2024,50351
Neighborhood Reinvestment Corporation,Neighborhood Reinvestment Corporation,NEIGHBOR,2024,4022
Northeast Interstate Low-Level Radioactive Waste Commission,Northeast Interstate Low-Level Radioactive Waste Commission,,2024,1778
Nuclear Regulatory Commission,Nuclear Regulatory Commission,NRC,2024,935994
Nuclear Waste Technical Review Board,Nuclear Waste Technical Review Board,NWTRB,2024,9205
Occupational Safety and Health Review Commission,Occupational Safety and Health Review Commission,OSHRC,2024,44242
Oklahoma City National Memorial Trust,Oklahoma City National Memorial Trust,,2024,101
Peace Corps,Peace Corps,PC,2024,35501
Pennsylvania Avenue Development Corporation,Pennsylvania Avenue Development Corporation,,2024,36553
Pension Benefit Guaranty Corporation,Pension Benefit Guaranty Corporation,PBGC,2024,209854
Office of Personnel Management,Office of Personnel Management,OPM,2024,806973
Postal Regulatory Commission,Postal Regulatory Commission,PRC,2024,95232
United States Postal Service,United States Postal Service,USPS,2024,205742
Presidio Trust,Presidio Trust,PT,2024,43483
Privacy and Civil Liberties Oversight Board,Privacy and Civil Liberties Oversight Board,PCLOB,2024,10763
Railroad Retirement Board,Railroad Retirement Board,RRB,2024,242126
Securities and Exchange Commission,Securities and Exchange Commission,SEC,2024,1159113
Selective Service System,Selective Service System,SSS,2024,41439
Small Business Administration,Small Business Administration,SBA,2024,472781
Smithsonian Institution,Smithsonian Institution,,2024,2443
Social Security Administration,Social Security Administration,SSA,2024,858049
Office of Special Counsel,Office of Special Counsel,OSC,2024,15376
Department of State,Department of State,DOS,2024,429625
Surface Transportation Board,Surface Transportation Board,STB,2024,200966
Susquehanna River Basin Commission,Susquehanna River Basin Commission,SRBC,2024,26076
Tennessee Valley Authority,Tennessee Valley Authority,TVA,2024,106545
Department of Transportation,Department of Transportation,DOT,2024,4855137
Department of Treasury,Department of Treasury,TREAS,2024,3700153
Office of United States Trade Representative,Office of United States Trade Representative,USTR,2024,31339
Utah Reclamation Mitigation and Conservation Commission,Utah Reclamation Mitigation and Conservation Commission,URMCC,2024,21819
Department of Veterans Affairs,Department of Veterans Affairs,VA,2024,946796
Office of Vice President of the United States,Office of Vice President of the United States,,2024,3055
Water Resources Council,Water Resources Council,,2024,28977
President's Commission on White House Fellowships,President's Commission on White House Fellowships,,2024,1457
Administrative Conference of the United States,Administrative Conference of the United States,ACUS,2025,12427
Advisory Council on Historic Preservation,Advisory Council on Historic Preservation,ACHP,2025,30958
Special Inspector General for Afghanistan Reconstruction,Special Inspector General for Afghanistan Reconstruction,SIGAR,2025,10977
African Development Foundation,African Development Foundation,USADF,2025,32986
United States Agency for Global Media,United States Agency for Global Media,USAGM,2025,64856
Department of Agriculture,Department of Agriculture,USDA,2025,6476963
Air Transportation System Stabilization,Air Transportation System Stabilization,ATSB,2025,6294
American Battle Monuments Commission,American Battle Monuments Commission,ABMC,2025,12550
Appalachian Regional Commission,Appalachian Regional Commission,ARC,2025,85
Architectural and Transportation Barriers Compliance Board,Architectural and Transportation Barriers Compliance Board,ATBCB,2025,150888
Arctic Research Commission,Arctic Research Commission,ARCTIC,2025,3667
Armed Forces Retirement Home,Armed Forces Retirement Home,AFRH,2025,6880
Committee for Purchase From People Who Are Blind or Severely Disabled,Committee for Purchase From People Who Are Blind or Severely Disabled,CPPBSD,2025,34085
Central Intelligence Agency,Central Intelligence Agency,CIA,2025,13467
Chemical Safety and Hazard Investigation Board,Chemical Safety and Hazard Investigation Board,CSB,2025,25026
Commission on Civil Rights,Commission on Civil Rights,CRC,2025,25108
Department of Commerce,Department of Commerce,DOC,2025,1817161
Commodity Futures Trading Commission,Commodity Futures Trading Commission,CFTC,2025,679570
Construction Industry Collective Bargaining Commission,Construction Industry Collective Bargaining Commission,,2025,739
Consumer Financial Protection Bureau,Consumer Financial Protection Bureau,CFPB,2025,1230201
Consumer Product Safety Commission,Consumer Product Safety Commission,CPSC,2025,491023
Council of the Inspectors General on Integrity and Efficiency,Council of the Inspectors General on Integrity and Efficiency,CIGIE,2025,14401
Court Services and Offender Supervision Agency for the District of Columbia,Court Services and Offender Supervision Agency for the District of Columbia,CSOSA,2025,30507
Defense Nuclear Facilities Safety Board,Defense Nuclear Facilities Safety Board,DNFSB,2025,24738
Department of Defense,Department of Defense,DOD,2025,3277731
Delaware River Basin Commission,Delaware River Basin Commission,DRBC,2025,22550
Denali Commission,Denali Commission,DC,2025,5568
Office of Director of National Intelligence,Office of Director of National Intelligence,ODNI,2025,20987
National Council on Disability,National Council on Disability,NCD,2025,13240
East-West Foreign Trade Board,East-West Foreign Trade Board,,2025,184
Department of Education,Department of Education,ED,2025,1059184
Election Assistance Commission,Election Assistance Commission,EAC,2025,21538
Emergency Oil and Gas Guaranteed Loan Board,Emergency Oil and Gas Guaranteed Loan Board,,2025,13743
Emergency Steel Guarantee Loan Board,Emergency Steel Guarantee Loan Board,,2025,13521
National Commission for Employment Policy,National Commission for Employment Policy,,2025,3619
Department of Energy,Department of Energy,DOE,2025,1536204
Joint Board for the Enrollment of Actuaries,Joint Board for the Enrollment of Actuaries,JBEA,2025,19531
Environmental Protection Agency,Environmental Protection Agency,EPA,2025,12346728
Equal Employment Opportunity Commission,Equal Employment Opportunity Commission,EEOC,2025,239585
Executive Office of the President,Executive Office of the President,EOP,2025,111245
Export-Import Bank of the United States,Export-Import Bank of the United States,EIB/USEIB,2025,36409
Farm Credit Administration,Farm Credit Administration,FCA,2025,226981
Farm Credit System Insurance Corporation,Farm Credit System Insurance Corporation,FCSIC,2025,23405
Federal Acquisition Regulatory Council,Federal Acquisition Regulatory Council,,2025,615629
Federal Acquisition Security Council,Federal Acquisition Security Council,FASC,2025,5657
Federal Communications Commission,Federal Communications Commission,FCC,2025,1670424
Federal Deposit Insurance Corporation,Federal Deposit Insurance Corporation,FDIC,2025,649765
Federal Election Commission,Federal Election Commission,FEC,2025,216256
Federal Financial Institutions Examination Council,Federal Financial Institutions Examination Council,FFIEC,2025,23919
Federal Financing Bank,Federal Financing Bank,,2025,2661
Federal Housing Finance Agency,Federal Housing Finance Agency,FHFA,2025,343164
Federal Labor Relations Authority,Federal Labor Relations Authority,FLRA,2025,214864
Federal Maritime Commission,Federal Maritime Commission,FMC,2025,154581
Federal Mediation and Conciliation Service,Federal Mediation and Conciliation Service,FMCS,2025,68445
Federal Mine Safety and Health Review Commission,Federal Mine Safety and Health Review Commission,MSHFRC,2025,31812
Federal Permitting Improvement Steering Council,Federal Permitting Improvement Steering Council,FPISC,2025,139
Federal Procurement Regulations System,Federal Procurement Regulations System,,2025,0
Federal Property Management Regulations System,Federal Property Management Regulations System,,2025,328738
Administrative Committee of the Federal Register,Administrative Committee of the Federal Register,ACFR,2025,9766
Federal Reserve System,Federal Reserve System,FRS,2025,1513739
Federal Retirement Thrift Investment Board,Federal Retirement Thrift Investment Board,FRTIB,2025,80775
Federal Trade Commission,Federal Trade Commission,FTC,2025,318437
Federal Travel Regulation System,Federal Travel Regulation System,,2025,91885
Financial Stability Oversight Council,Financial Stability Oversight Council,FSOC,2025,21812
Commission of Fine Arts,Commission of Fine Arts,CFA,2025,22501
First Responder Network Authority,First Responder Network Authority,FirstNet,2025,1482
Foreign Service Grievance Board,Foreign Service Grievance Board,FSGB,2025,7301
Foreign Service Impasse Disputes Panel,Foreign Service Impasse Disputes Panel,Disputes Panel,2025,57786
Foreign Service Labor Relations Board,Foreign Service Labor Relations Board,FSLRB,2025,57786
General Services Administration,General Services Administration,GSA,2025,175371
Government Accountability Office,Government Accountability Office,GAO,2025,48691
Office of Government Ethics,Office of Government Ethics,OGE,2025,133012
Gulf Coast Ecosystem Restoration Council,Gulf Coast Ecosystem Restoration Council,Gulf Restoration Council,2025,12087
Harry S. Truman Scholarship Foundation,Harry S. Truman Scholarship Foundation,HST,2025,9537
Department of Health and Human Services,Department of Health and Human Services,HHS,2025,6090553
Department of Homeland Security,Department of Homeland Security,DHS,2025,4268989
Department of Housing and Urban Development,Department of Housing and Urban Development,HUD,2025,1250059
Office of Independent Counsel,Office of Independent Counsel,,2025,13455
United States Institute of Peace,United States Institute of Peace,USIP,2025,3710
Inter-American Foundation,Inter-American Foundation,IAF,2025,26999
Department of Interior,Department of Interior,DOI,2025,4439941
United States Section United States and Mexico International Boundary and Water Commission,United States Section United States and Mexico International Boundary and Water Commission,IBWC,2025,22206
United States International Development Cooperation Agency,United States International Development Cooperation Agency,,2025,9765
United States International Development Finance Corporation,United States International Development Finance Corporation,DFC,2025,25813
Agency for International Development,Agency for International Development,USAID,2025,214826
United States and Canada International Joint Commission,United States and Canada International Joint Commission,IJC,2025,4513
International Organizations Employees Loyalty Board,International Organizations Employees Loyalty Board,,2025,2064
United States International Trade Commission,United States International Trade Commission,ITC,2025,126176
Interstate Commerce Commission,Interstate Commerce Commission,ICC,2025,0
James Madison Memorial Fellowship Foundation,James Madison Memorial Fellowship Foundation,,2025,9972
Japan-United States Friendship Commission,Japan-United States Friendship Commission,JUSFC,2025,3627
Department of Justice,Department of Justice,DOJ,2025,1703781
Department of Labor,Department of Labor,DOL,2025,3446211
Legal Services Corporation,Legal Services Corporation,LSC,2025,67163
National Commission on Libraries and Information Science,National Commission on Libraries and Information Science,NCLIS,2025,9743
Library of Congress,Library of Congress,LOC,2025,264604
Office of Management and Budget,Office of Management and Budget,OMB,2025,352489
Marine Mammal Commission,Marine Mammal Commission,MMC,2025,12317
Merit Systems Protection Board,Merit Systems Protection Board,MSPB,2025,43739
Office for Micronesian Status Negotiations,Office for Micronesian Status Negotiations,,2025,3632
Military Compensation and Retirement Modernization Commission,Military Compensation and Retirement Modernization Commission,Military Compensation and Retirement Modernization Commission,2025,68
National Commission on Military, National, and Public Service,National Commission on Military, National, and Public Service,NCMNPS,2025,9641
Millennium Challenge Corporation,Millennium Challenge Corporation,MCC,2025,13451
Morris K. Udall and Stewart L. Udall Foundation,Morris K. Udall and Stewart L. Udall Foundation,Udall Foundation,2025,8425
National Aeronautics and Space Administration,National Aeronautics and Space Administration,NASA,2025,220999
Corporation for National and Community Service,Corporation for National and Community Service,CORP/CNCS,2025,174564
National Archives and Records Administration,National Archives and Records Administration,NARA,2025,195356
National Capital Planning Commission,National Capital Planning Commission,NCPC,2025,26701
National Counterintelligence Center,National Counterintelligence Center,NCTC,2025,20268
National Credit Union Administration,National Credit Union Administration,NCUA,2025,379078
National Crime Prevention and Privacy Compact Council,National Crime Prevention and Privacy Compact Council,NCPPCC,2025,5640
Office of National Drug Control Policy,Office of National Drug Control Policy,ONDCP,2025,9277
National Foundation on the Arts and the Humanities,National Foundation on the Arts and the Humanities,ARTS,2025,130499
National Labor Relations Board,National Labor Relations Board,NLRB,2025,81302
National Mediation Board,National Mediation Board,NMB,2025,14164
National Railroad Adjustment Board,National Railroad Adjustment Board,,2025,1147
National Railroad Passenger Corporation,National Railroad Passenger Corporation,AMTRAK,2025,9075
National Science Foundation,National Science Foundation,NSF,2025,114515
National Transportation Safety Board,National Transportation Safety Board,NTSB,2025,56225
Office of Navajo and Hopi Indian Relocation,Office of Navajo and Hopi Indian Relocation,ONHIR,2025,50368
Neighborhood Reinvestment Corporation,Neighborhood Reinvestment Corporation,NEIGHBOR,2025,4022
Northeast Interstate Low-Level Radioactive Waste Commission,Northeast Interstate Low-Level Radioactive Waste Commission,,2025,1778
Nuclear Regulatory Commission,Nuclear Regulatory Commission,NRC,2025,936596
Nuclear Waste Technical Review Board,Nuclear Waste Technical Review Board,NWTRB,2025,9205
Occupational Safety and Health Review Commission,Occupational Safety and Health Review Commission,OSHRC,2025,44242
Oklahoma City National Memorial Trust,Oklahoma City National Memorial Trust,,2025,101
Peace Corps,Peace Corps,PC,2025,40739
Pennsylvania Avenue Development Corporation,Pennsylvania Avenue Development Corporation,,2025,36553
Pension Benefit Guaranty Corporation,Pension Benefit Guaranty Corporation,PBGC,2025,209981
Office of Personnel Management,Office of Personnel Management,OPM,2025,827129
Postal Regulatory Commission,Postal Regulatory Commission,PRC,2025,102150
United States Postal Service,United States Postal Service,USPS,2025,207015
Presidio Trust,Presidio Trust,PT,2025,43483
Privacy and Civil Liberties Oversight Board,Privacy and Civil Liberties Oversight Board,PCLOB,2025,10763
Railroad Retirement Board,Railroad Retirement Board,RRB,2025,242217
Securities and Exchange Commission,Securities and Exchange Commission,SEC,2025,1170184
Selective Service System,Selective Service System,SSS,2025,49781
Small Business Administration,Small Business Administration,SBA,2025,477062
Smithsonian Institution,Smithsonian Institution,,2025,2443
Social Security Administration,Social Security Administration,SSA,2025,861193
Office of Special Counsel,Office of Special Counsel,OSC,2025,15376
Department of State,Department of State,DOS,2025,436138
Surface Transportation Board,Surface Transportation Board,STB,2025,206402
Susquehanna River Basin Commission,Susquehanna River Basin Commission,SRBC,2025,26899
Tennessee Valley Authority,Tennessee Valley Authority,TVA,2025,106511
Department of Transportation,Department of Transportation,DOT,2025,5075568
Department of Treasury,Department of Treasury,TREAS,2025,3891088
Office of United States Trade Representative,Office of United States Trade Representative,USTR,2025,31339
Utah Reclamation Mitigation and Conservation Commission,Utah Reclamation Mitigation and Conservation Commission,URMCC,2025,21819
Department of Veterans Affairs,Department of Veterans Affairs,VA,2025,960816
Office of Vice President of the United States,Office of Vice President of the United States,,2025,3055
Water Resources Council,Water Resources Council,,2025,28977
President's Commission on White House Fellowships,President's Commission on White House Fellowships,,2025,1457
